generation,max_fitness,median_fitness,min_fitness
0,4,4,4
1,6,1,0
2,6,1,0
3,6,1,0
4,6,1,0
5,6,1,0
6,6,1,0
7,6,1,0
8,7,1,0
9,7,1,0
10,7,1,0
11,7,1,0
12,7,1,0
13,7,1,0
14,8,1,0
15,8,1,0
16,8,1,0
17,8,1,0
18,8,1,0
19,8,1,0
20,8,1,0
21,8,1,0
22,8,1,0
23,8,1,0
24,8,1,0
25,8,1,0
26,8,1,0
27,8,1,0
28,8,1,0
29,8,1,0
30,8,1,0
31,8,1,0
32,8,1,0
33,8,1,0
34,8,1,0
35,8,1,0
36,8,1,0
37,8,1,0
38,8,1,0
39,8,1,0
40,8,1,0
41,8,1,0
42,8,1,0
43,8,1,0
44,8,1,0
45,8,1,0
46,8,1,0
47,8,1,0
48,8,1,0
49,8,1,0
50,8,1,0
51,8,1,0
52,8,1,0
53,8,1,0
54,8,1,0
55,8,1,0
56,8,1,0
57,8,1,0
58,8,1,0
59,8,1,0
60,8,1,0
61,8,1,0
62,8,1,0
63,8,1,0
64,8,1,0
65,8,1,0
66,8,1,0
67,8,1,0
68,8,1,0
69,8,1,0
70,8,1,0
71,8,1,0
72,8,1,0
73,8,1,0
74,8,1,0
75,8,1,0
76,8,1,0
77,8,1,0
78,8,1,0
79,8,1,0
80,8,1,0
81,8,1,0
82,8,1,0
83,8,1,0
84,8,1,0
85,8,1,0
86,8,1,0
87,8,1,0
88,8,1,0
89,8,1,0
90,8,1,0
91,8,1,0
92,8,1,0
93,8,1,0
94,8,1,0
95,8,1,0
96,8,1,0
97,8,1,0
98,8,1,0
99,8,1,0
100,8,1,0
101,8,1,0
102,8,1,0
103,10,1,0
104,10,1,0
105,10,1,0
106,11,1,0
107,11,1,0
108,11,1,0
109,11,1,0
110,11,1,0
111,11,1,0
112,11,1,0
113,11,1,0
114,11,1,0
115,11,1,0
116,11,1,0
117,11,1,0
118,11,1,0
119,11,1,0
120,11,1,0
121,11,1,0
122,11,1,0
123,11,1,0
124,11,1,0
125,11,1,0
126,11,1,0
127,11,1,0
128,11,1,0
129,11,1,0
130,11,1,0
131,11,1,0
132,11,1,0
133,11,1,0
134,11,1,0
135,11,1,0
136,11,1,0
137,11,1,0
138,11,1,0
139,11,1,0
140,11,1,0
141,11,1,0
142,11,1,0
143,11,1,0
144,11,1,0
145,11,1,0
146,11,1,0
147,11,1,0
148,11,1,0
149,11,1,0
150,11,1,0
151,11,1,0
152,11,1,0
153,11,1,0
154,11,1,0
155,11,1,0
156,11,1,0
157,11,1,0
158,11,1,0
159,11,1,0
160,11,1,0
161,11,1,0
162,11,1,0
163,11,1,0
164,11,1,0
165,11,1,0
166,11,1,0
167,11,1,0
168,11,1,0
169,11,1,0
170,11,1,0
171,11,1,0
172,11,1,0
173,11,1,0
174,11,1,0
175,11,1,0
176,11,1,0
177,11,1,0
178,11,1,0
179,11,1,0
180,11,1,0
181,11,1,0
182,11,1,0
183,11,1,0
184,11,1,0
185,11,1,0
186,11,1,0
187,11,1,0
188,11,1,0
189,11,1,0
190,11,1,0
191,11,1,0
192,11,1,0
193,11,1,0
194,11,1,0
195,11,1,0
196,11,1,0
197,11,1,0
198,11,1,0
199,11,1,0
200,11,1,0
201,11,1,0
202,11,1,0
203,11,1,0
204,11,1,0
205,11,1,0
206,11,1,0
207,11,1,0
208,11,1,0
209,11,1,0
210,11,1,0
211,11,1,0
212,11,1,0
213,11,1,0
214,11,1,0
215,11,1,0
216,11,1,0
217,11,1,0
218,11,1,0
219,11,1,0
220,11,1,0
221,11,1,0
222,11,1,0
223,11,1,0
224,11,1,0
225,11,1,0
226,11,1,0
227,11,1,0
228,11,1,0
229,11,1,0
230,11,1,0
231,11,1,0
232,11,1,0
233,11,1,0
234,11,1,0
235,11,1,0
236,13,1,0
237,13,1,0
238,13,1,0
239,13,1,0
240,13,1,0
241,13,1,0
242,13,1,0
243,13,1,0
244,13,1,0
245,13,1,0
246,13,1,0
247,13,1,0
248,13,1,0
249,13,1,0
250,13,1,0
251,13,1,0
252,13,1,0
253,13,1,0
254,13,1,0
255,13,1,0
256,13,1,0
257,13,1,0
258,13,1,0
259,13,1,0
260,13,1,0
261,13,1,0
262,13,1,0
263,13,1,0
264,13,1,0
265,13,1,0
266,13,1,0
267,13,1,0
268,13,1,0
269,13,1,0
270,13,1,0
271,13,1,0
272,13,1,0
273,13,1,0
274,13,1,0
275,13,1,0
276,13,1,0
277,13,1,0
278,13,1,0
279,13,1,0
280,13,1,0
281,13,1,0
282,13,1,0
283,13,1,0
284,13,1,0
285,13,1,0
286,13,1,0
287,13,1,0
288,13,1,0
289,13,1,0
290,13,1,0
291,13,1,0
292,13,1,0
293,13,1,0
294,13,1,0
295,13,1,0
296,13,1,0
297,13,1,0
298,13,1,0
299,13,1,0
300,13,1,0
301,13,1,0
302,13,1,0
303,13,1,0
304,13,1,0
305,13,1,0
306,13,1,0
307,13,1,0
308,13,1,0
309,13,1,0
310,13,1,0
311,13,1,0
312,13,1,0
313,13,1,0
314,13,1,0
315,13,1,0
316,13,1,0
317,13,1,0
318,13,1,0
319,13,1,0
320,13,1,0
321,13,1,0
322,13,1,0
323,13,1,0
324,13,1,0
325,13,1,0
326,13,1,0
327,13,1,0
328,13,1,0
329,13,1,0
330,13,1,0
331,13,1,0
332,13,1,0
333,13,1,0
334,13,1,0
335,13,1,0
336,13,1,0
337,13,1,0
338,13,1,0
339,13,1,0
340,13,1,0
341,13,1,0
342,13,1,0
343,13,1,0
344,13,1,0
345,13,1,0
346,13,1,0
347,13,1,0
348,13,1,0
349,13,1,0
350,13,1,0
351,13,1,0
352,13,1,0
353,13,1,0
354,13,1,0
355,13,1,0
356,13,1,0
357,13,1,0
358,13,1,0
359,13,1,0
360,13,1,0
361,13,1,0
362,13,1,0
363,13,1,0
364,13,1,0
365,13,1,0
366,13,1,0
367,13,1,0
368,13,1,0
369,13,1,0
370,13,1,0
371,13,1,0
372,13,1,0
373,13,1,0
374,13,1,0
375,13,1,0
376,13,1,0
377,13,1,0
378,13,1,0
379,13,1,0
380,13,1,0
381,13,1,0
382,13,1,0
383,13,1,0
384,13,1,0
385,13,1,0
386,13,1,0
387,13,1,0
388,13,1,0
389,13,1,0
390,13,1,0
391,13,1,0
392,13,1,0
393,13,1,0
394,13,1,0
395,13,1,0
396,13,1,0
397,13,1,0
398,13,1,0
399,13,1,0
400,13,1,0
401,13,1,0
402,13,1,0
403,13,1,0
404,13,1,0
405,13,1,0
406,13,1,0
407,13,1,0
408,13,1,0
409,13,1,0
410,13,1,0
411,13,1,0
412,13,1,0
413,13,1,0
414,13,1,0
415,13,1,0
416,13,1,0
417,13,1,0
418,13,1,0
419,13,1,0
420,13,1,0
421,13,1,0
422,13,1,0
423,13,1,0
424,13,1,0
425,13,1,0
426,13,1,0
427,13,1,0
428,13,1,0
429,13,1,0
430,13,1,0
431,13,1,0
432,13,1,0
433,13,1,0
434,13,1,0
435,13,1,0
436,13,1,0
437,13,1,0
438,13,1,0
439,13,1,0
440,13,1,0
441,13,1,0
442,13,1,0
443,13,1,0
444,13,1,0
445,13,1,0
446,13,1,0
447,13,1,0
448,13,1,0
449,13,1,0
450,13,1,0
451,13,1,0
452,13,1,0
453,13,1,0
454,13,1,0
455,13,1,0
456,13,1,0
457,13,1,0
458,13,1,0
459,13,1,0
460,13,1,0
461,13,1,0
462,13,1,0
463,13,1,0
464,13,1,0
465,13,1,0
466,13,1,0
467,13,1,0
468,13,1,0
469,13,1,0
470,13,1,0
471,13,1,0
472,13,1,0
473,13,1,0
474,13,1,0
475,13,1,0
476,13,1,0
477,13,1,0
478,13,1,0
479,13,1,0
480,13,1,0
481,13,1,0
482,13,1,0
483,13,1,0
484,13,1,0
485,13,1,0
486,13,1,0
487,13,1,0
488,13,1,0
489,13,1,0
490,13,1,0
491,13,1,0
492,13,1,0
493,13,1,0
494,13,1,0
495,13,1,0
496,13,1,0
497,13,1,0
498,13,1,0
499,13,1,0
500,13,1,0
501,13,1,0
502,13,1,0
503,13,1,0
504,13,1,0
505,13,1,0
506,13,1,0
507,13,1,0
508,13,1,0
509,13,1,0
510,13,1,0
511,13,1,0
512,13,1,0
513,13,1,0
514,13,1,0
515,13,1,0
516,13,1,0
517,13,1,0
518,13,1,0
519,13,1,0
520,13,1,0
521,13,1,0
522,13,1,0
523,13,1,0
524,13,1,0
525,13,1,0
526,13,1,0
527,13,1,0
528,13,1,0
529,13,1,0
530,13,1,0
531,13,1,0
532,13,1,0
533,13,1,0
534,13,1,0
535,13,1,0
536,13,1,0
537,13,1,0
538,13,1,0
539,13,1,0
540,13,1,0
541,13,1,0
542,13,1,0
543,13,1,0
544,13,1,0
545,13,1,0
546,13,1,0
547,13,1,0
548,13,1,0
549,13,1,0
550,13,1,0
551,13,1,0
552,13,1,0
553,13,1,0
554,13,1,0
555,13,1,0
556,13,1,0
557,13,1,0
558,13,1,0
559,13,1,0
560,13,1,0
561,13,1,0
562,13,1,0
563,13,1,0
564,13,1,0
565,13,1,0
566,13,1,0
567,13,1,0
568,13,1,0
569,13,1,0
570,13,1,0
571,13,1,0
572,13,1,0
573,13,1,0
574,13,1,0
575,13,1,0
576,13,1,0
577,13,1,0
578,13,1,0
579,13,1,0
580,13,1,0
581,13,1,0
582,13,1,0
583,13,1,0
584,13,1,0
585,13,1,0
586,13,1,0
587,13,1,0
588,13,1,0
589,13,1,0
590,13,1,0
591,13,1,0
592,13,1,0
593,13,1,0
594,13,1,0
595,13,1,0
596,13,1,0
597,13,1,0
598,13,1,0
599,13,1,0
600,13,1,0
601,13,1,0
602,13,1,0
603,13,1,0
604,13,1,0
605,13,1,0
606,13,1,0
607,13,1,0
608,13,1,0
609,13,1,0
610,13,1,0
611,13,1,0
612,13,1,0
613,13,1,0
614,13,1,0
615,13,1,0
616,13,1,0
617,13,1,0
618,13,1,0
619,13,1,0
620,13,1,0
621,13,1,0
622,13,1,0
623,13,1,0
624,13,1,0
625,13,1,0
626,13,1,0
627,13,1,0
628,13,1,0
629,13,1,0
630,13,1,0
631,13,1,0
632,13,1,0
633,13,1,0
634,13,1,0
635,13,1,0
636,13,1,0
637,13,1,0
638,13,1,0
639,13,1,0
640,13,1,0
641,13,1,0
642,13,1,0
643,13,1,0
644,13,1,0
645,13,1,0
646,13,1,0
647,13,1,0
648,13,1,0
649,13,1,0
650,13,1,0
651,13,1,0
652,13,1,0
653,13,1,0
654,13,1,0
655,13,1,0
656,13,1,0
657,13,1,0
658,13,1,0
659,13,1,0
660,13,1,0
661,13,1,0
662,13,1,0
663,13,1,0
664,13,1,0
665,13,1,0
666,13,1,0
667,13,1,0
668,13,1,0
669,13,1,0
670,13,1,0
671,13,1,0
672,13,1,0
673,13,1,0
674,13,1,0
675,13,1,0
676,13,1,0
677,13,1,0
678,13,1,0
679,13,1,0
680,13,1,0
681,13,1,0
682,13,1,0
683,13,1,0
684,13,1,0
685,13,1,0
686,13,1,0
687,13,1,0
688,13,1,0
689,13,1,0
690,13,1,0
691,13,1,0
692,13,1,0
693,13,1,0
694,13,1,0
695,13,1,0
696,13,1,0
697,13,1,0
698,13,1,0
699,13,1,0
700,13,1,0
701,13,1,0
702,13,1,0
703,13,1,0
704,13,1,0
705,13,1,0
706,13,1,0
707,13,1,0
708,13,1,0
709,13,1,0
710,13,1,0
711,13,1,0
712,13,1,0
713,13,1,0
714,13,1,0
715,13,1,0
716,13,1,0
717,13,1,0
718,13,1,0
719,13,1,0
720,13,1,0
721,13,1,0
722,13,1,0
723,13,1,0
724,13,1,0
725,13,1,0
726,13,1,0
727,13,1,0
728,13,1,0
729,13,1,0
730,13,1,0
731,13,1,0
732,13,1,0
733,13,1,0
734,13,1,0
735,13,1,0
736,13,1,0
737,13,1,0
738,13,1,0
739,13,1,0
740,13,1,0
741,13,1,0
742,13,1,0
743,13,1,0
744,13,1,0
745,13,1,0
746,13,1,0
747,13,1,0
748,13,1,0
749,13,1,0
750,13,1,0
751,13,1,0
752,13,1,0
753,13,1,0
754,13,1,0
755,13,1,0
756,13,1,0
757,13,1,0
758,13,1,0
759,13,1,0
760,13,1,0
761,13,1,0
762,13,1,0
763,13,1,0
764,13,1,0
765,13,1,0
766,13,1,0
767,13,1,0
768,13,1,0
769,13,1,0
770,13,1,0
771,13,1,0
772,13,1,0
773,13,1,0
774,13,1,0
775,13,1,0
776,13,1,0
777,13,1,0
778,13,1,0
779,13,1,0
780,13,1,0
781,13,1,0
782,13,1,0
783,13,1,0
784,13,1,0
785,13,1,0
786,13,1,0
787,13,1,0
788,13,1,0
789,13,1,0
790,13,1,0
791,13,1,0
792,13,1,0
793,13,1,0
794,13,1,0
795,13,1,0
796,13,1,0
797,13,1,0
798,13,1,0
799,13,1,0
800,13,1,0
801,13,1,0
802,13,1,0
803,13,1,0
804,13,1,0
805,13,1,0
806,13,1,0
807,13,1,0
808,13,1,0
809,13,1,0
810,13,1,0
811,13,1,0
812,13,1,0
813,13,1,0
814,13,1,0
815,13,1,0
816,13,1,0
817,13,1,0
818,13,1,0
819,13,1,0
820,13,1,0
821,13,1,0
822,13,1,0
823,13,1,0
824,13,1,0
825,13,1,0
826,13,1,0
827,13,1,0
828,13,1,0
829,13,1,0
830,13,1,0
831,13,1,0
832,13,1,0
833,13,1,0
834,13,1,0
835,13,1,0
836,13,1,0
837,13,1,0
838,13,1,0
839,13,1,0
840,13,1,0
841,13,1,0
842,13,1,0
843,13,1,0
844,13,1,0
845,13,1,0
846,13,1,0
847,13,1,0
848,13,1,0
849,13,1,0
850,13,1,0
851,13,1,0
852,13,1,0
853,13,1,0
854,13,1,0
855,13,1,0
856,13,1,0
857,13,1,0
858,13,1,0
859,13,1,0
860,13,1,0
861,13,1,0
862,13,1,0
863,13,1,0
864,13,1,0
865,13,1,0
866,13,1,0
867,13,1,0
868,13,1,0
869,13,1,0
870,13,1,0
871,13,1,0
872,13,1,0
873,13,1,0
874,13,1,0
875,13,1,0
876,13,1,0
877,13,1,0
878,13,1,0
879,13,1,0
880,13,1,0
881,13,1,0
882,13,1,0
883,13,1,0
884,13,1,0
885,13,1,0
886,13,1,0
887,13,1,0
888,13,1,0
889,13,1,0
890,13,1,0
891,13,1,0
892,13,1,0
893,13,1,0
894,13,1,0
895,13,1,0
896,13,1,0
897,13,1,0
898,13,1,0
899,13,1,0
900,13,1,0
901,13,1,0
902,13,1,0
903,13,1,0
904,13,1,0
905,13,1,0
906,13,1,0
907,13,1,0
908,13,1,0
909,13,1,0
910,13,1,0
911,13,1,0
912,13,1,0
913,13,1,0
914,13,1,0
915,13,1,0
916,13,1,0
917,13,1,0
918,13,1,0
919,13,1,0
920,13,1,0
921,13,1,0
922,13,1,0
923,13,1,0
924,13,1,0
925,13,1,0
926,13,1,0
927,13,1,0
928,13,1,0
929,13,1,0
930,13,1,0
931,13,1,0
932,13,1,0
933,13,1,0
934,13,1,0
935,13,1,0
936,13,1,0
937,13,1,0
938,13,1,0
939,13,1,0
940,13,1,0
941,13,1,0
942,13,1,0
943,13,1,0
944,13,1,0
945,13,1,0
946,13,1,0
947,13,1,0
948,13,1,0
949,13,1,0
950,13,1,0
951,13,1,0
952,13,1,0
953,13,1,0
954,13,1,0
955,13,1,0
956,13,1,0
957,13,1,0
958,13,1,0
959,13,1,0
960,13,1,0
961,13,1,0
962,13,1,0
963,13,1,0
964,13,1,0
965,13,1,0
966,13,1,0
967,13,1,0
968,13,1,0
969,13,1,0
970,13,1,0
971,13,1,0
972,13,1,0
973,13,1,0
974,13,1,0
975,13,1,0
976,13,1,0
977,13,1,0
978,13,1,0
979,13,1,0
980,13,1,0
981,13,1,0
982,13,1,0
983,13,1,0
984,13,1,0
985,13,1,0
986,13,1,0
987,13,1,0
988,13,1,0
989,13,1,0
990,13,1,0
991,13,1,0
992,13,1,0
993,13,1,0
994,13,1,0
995,13,1,0
996,13,1,0
997,13,1,0
998,13,1,0
999,13,1,0
1000,13,1,0
1001,13,1,0
1002,13,1,0
1003,13,1,0
1004,13,1,0
1005,13,1,0
1006,13,1,0
1007,13,1,0
1008,13,1,0
1009,13,1,0
1010,13,1,0
1011,13,1,0
1012,13,1,0
1013,13,1,0
1014,13,1,0
1015,13,1,0
1016,13,1,0
1017,13,1,0
1018,13,1,0
1019,13,1,0
1020,13,1,0
1021,13,1,0
1022,13,1,0
1023,13,1,0
1024,13,1,0
1025,13,1,0
1026,13,1,0
1027,13,1,0
1028,13,1,0
1029,13,1,0
1030,13,1,0
1031,13,1,0
1032,13,1,0
1033,13,1,0
1034,13,1,0
1035,13,1,0
1036,13,1,0
1037,13,1,0
1038,13,1,0
1039,13,1,0
1040,13,1,0
1041,13,1,0
1042,13,1,0
1043,13,1,0
1044,13,1,0
1045,13,1,0
1046,13,1,0
1047,13,1,0
1048,13,1,0
1049,13,1,0
1050,13,1,0
1051,13,1,0
1052,13,1,0
1053,13,1,0
1054,13,1,0
1055,13,1,0
1056,13,1,0
1057,13,1,0
1058,13,1,0
1059,13,1,0
1060,13,1,0
1061,13,1,0
1062,13,1,0
1063,13,1,0
1064,13,1,0
1065,13,1,0
1066,13,1,0
1067,13,1,0
1068,13,1,0
1069,13,1,0
1070,13,1,0
1071,13,1,0
1072,13,1,0
1073,13,1,0
1074,13,1,0
1075,13,1,0
1076,13,1,0
1077,13,1,0
1078,13,1,0
1079,13,1,0
1080,13,1,0
1081,13,1,0
1082,13,1,0
1083,13,1,0
1084,13,1,0
1085,13,1,0
1086,13,1,0
1087,13,1,0
1088,13,1,0
1089,13,1,0
1090,13,1,0
1091,13,1,0
1092,13,1,0
1093,13,1,0
1094,13,1,0
1095,13,1,0
1096,13,1,0
1097,13,1,0
1098,13,1,0
1099,14,1,0
1100,14,1,0
1101,14,1,0
1102,14,1,0
1103,14,1,0
1104,14,1,0
1105,14,1,0
1106,14,1,0
1107,14,1,0
1108,14,1,0
1109,14,1,0
1110,14,1,0
1111,14,1,0
1112,14,1,0
1113,14,1,0
1114,14,1,0
1115,14,1,0
1116,14,1,0
1117,14,1,0
1118,14,1,0
1119,14,1,0
1120,14,1,0
1121,14,1,0
1122,14,1,0
1123,14,1,0
1124,14,1,0
1125,14,1,0
1126,14,1,0
1127,14,1,0
1128,14,1,0
1129,14,1,0
1130,14,1,0
1131,14,1,0
1132,14,1,0
1133,14,1,0
1134,14,1,0
1135,14,1,0
1136,14,1,0
1137,14,1,0
1138,14,1,0
1139,14,1,0
1140,14,1,0
1141,14,1,0
1142,14,1,0
1143,14,1,0
1144,14,1,0
1145,14,1,0
1146,14,1,0
1147,14,1,0
1148,14,1,0
1149,14,1,0
1150,14,1,0
1151,14,1,0
1152,14,1,0
1153,14,1,0
1154,14,1,0
1155,14,1,0
1156,14,1,0
1157,14,1,0
1158,14,1,0
1159,14,1,0
1160,14,1,0
1161,14,1,0
1162,14,1,0
1163,14,1,0
1164,14,1,0
1165,14,1,0
1166,14,1,0
1167,14,1,0
1168,14,1,0
1169,14,1,0
1170,14,1,0
1171,14,1,0
1172,14,1,0
1173,14,1,0
1174,14,1,0
1175,14,1,0
1176,14,1,0
1177,14,1,0
1178,14,1,0
1179,14,1,0
1180,14,1,0
1181,14,1,0
1182,14,1,0
1183,14,1,0
1184,14,1,0
1185,14,1,0
1186,14,1,0
1187,14,1,0
1188,14,1,0
1189,14,1,0
1190,14,1,0
1191,14,1,0
1192,14,1,0
1193,14,1,0
1194,14,1,0
1195,14,1,0
1196,14,1,0
1197,14,1,0
1198,14,1,0
1199,14,1,0
1200,14,1,0
1201,14,1,0
1202,14,1,0
1203,14,1,0
1204,14,1,0
1205,14,1,0
1206,14,1,0
1207,14,1,0
1208,14,1,0
1209,14,1,0
1210,14,1,0
1211,14,1,0
1212,14,1,0
1213,14,1,0
1214,14,1,0
1215,14,1,0
1216,14,1,0
1217,14,1,0
1218,14,1,0
1219,14,1,0
1220,14,1,0
1221,14,1,0
1222,14,1,0
1223,14,1,0
1224,14,1,0
1225,14,1,0
1226,14,1,0
1227,14,1,0
1228,14,1,0
1229,14,1,0
1230,14,1,0
1231,14,1,0
1232,14,1,0
1233,14,1,0
1234,14,1,0
1235,14,1,0
1236,14,1,0
1237,14,1,0
1238,14,1,0
1239,14,1,0
1240,14,1,0
1241,14,1,0
1242,14,1,0
1243,14,1,0
1244,14,1,0
1245,14,1,0
1246,14,1,0
1247,14,1,0
1248,14,1,0
1249,14,1,0
1250,14,1,0
1251,14,1,0
1252,14,1,0
1253,14,1,0
1254,14,1,0
1255,14,1,0
1256,14,1,0
1257,14,1,0
1258,14,1,0
1259,14,1,0
1260,14,1,0
1261,14,1,0
1262,14,1,0
1263,14,1,0
1264,14,1,0
1265,14,1,0
1266,14,1,0
1267,14,1,0
1268,14,1,0
1269,14,1,0
1270,14,1,0
1271,14,1,0
1272,14,1,0
1273,14,1,0
1274,14,1,0
1275,14,1,0
1276,14,1,0
1277,14,1,0
1278,14,1,0
1279,14,1,0
1280,14,1,0
1281,14,1,0
1282,14,1,0
1283,14,1,0
1284,14,1,0
1285,14,1,0
1286,14,1,0
1287,14,1,0
1288,14,1,0
1289,14,1,0
1290,14,1,0
1291,14,1,0
1292,14,1,0
1293,14,1,0
1294,14,1,0
1295,14,1,0
1296,14,1,0
1297,14,1,0
1298,14,1,0
1299,14,1,0
1300,14,1,0
1301,14,1,0
1302,14,1,0
1303,14,1,0
1304,14,1,0
1305,14,1,0
1306,14,1,0
1307,14,1,0
1308,14,1,0
1309,14,1,0
1310,14,1,0
1311,14,1,0
1312,14,1,0
1313,14,1,0
1314,14,1,0
1315,14,1,0
1316,14,1,0
1317,14,1,0
1318,14,1,0
1319,14,1,0
1320,14,1,0
1321,14,1,0
1322,14,1,0
1323,14,1,0
1324,14,1,0
1325,14,1,0
1326,14,1,0
1327,14,1,0
1328,14,1,0
1329,14,1,0
1330,14,1,0
1331,14,1,0
1332,14,1,0
1333,14,1,0
1334,14,1,0
1335,14,1,0
1336,14,1,0
1337,14,1,0
1338,14,1,0
1339,14,1,0
1340,14,1,0
1341,14,1,0
1342,14,1,0
1343,14,1,0
1344,14,1,0
1345,14,1,0
1346,14,1,0
1347,14,1,0
1348,14,1,0
1349,14,1,0
1350,14,1,0
1351,14,1,0
1352,14,1,0
1353,14,1,0
1354,14,1,0
1355,14,1,0
1356,14,1,0
1357,14,1,0
1358,14,1,0
1359,14,1,0
1360,14,1,0
1361,14,1,0
1362,14,1,0
1363,14,1,0
1364,14,1,0
1365,14,1,0
1366,14,1,0
1367,14,1,0
1368,14,1,0
1369,14,1,0
1370,14,1,0
1371,14,1,0
1372,14,1,0
1373,14,1,0
1374,14,1,0
1375,14,1,0
1376,14,1,0
1377,14,1,0
1378,14,1,0
1379,14,1,0
1380,14,1,0
1381,14,1,0
1382,14,1,0
1383,14,1,0
1384,14,1,0
1385,14,1,0
1386,14,1,0
1387,14,1,0
1388,14,1,0
1389,14,1,0
1390,14,1,0
1391,14,1,0
1392,14,1,0
1393,14,1,0
1394,14,1,0
1395,14,1,0
1396,14,1,0
1397,14,1,0
1398,14,1,0
1399,14,1,0
1400,14,1,0
1401,14,1,0
1402,14,1,0
1403,14,1,0
1404,14,1,0
1405,14,1,0
1406,14,1,0
1407,14,1,0
1408,14,1,0
1409,14,1,0
1410,14,1,0
1411,14,1,0
1412,14,1,0
1413,14,1,0
1414,14,1,0
1415,14,1,0
1416,14,1,0
1417,14,1,0
1418,14,1,0
1419,14,1,0
1420,14,1,0
1421,14,1,0
1422,14,1,0
1423,14,1,0
1424,14,1,0
1425,14,1,0
1426,14,1,0
1427,14,1,0
1428,14,1,0
1429,14,1,0
1430,14,1,0
1431,14,1,0
1432,14,1,0
1433,14,1,0
1434,14,1,0
1435,14,1,0
1436,14,1,0
1437,14,1,0
1438,14,1,0
1439,14,1,0
1440,14,1,0
1441,14,1,0
1442,14,1,0
1443,14,1,0
1444,14,1,0
1445,14,1,0
1446,14,1,0
1447,14,1,0
1448,14,1,0
1449,14,1,0
1450,14,1,0
1451,14,1,0
1452,14,1,0
1453,14,1,0
1454,14,1,0
1455,14,1,0
1456,14,1,0
1457,14,1,0
1458,14,1,0
1459,14,1,0
1460,14,1,0
1461,14,1,0
1462,14,1,0
1463,14,1,0
1464,14,1,0
1465,14,1,0
1466,14,1,0
1467,14,1,0
1468,14,1,0
1469,14,1,0
1470,14,1,0
1471,14,1,0
1472,14,1,0
1473,14,1,0
1474,14,1,0
1475,14,1,0
1476,14,1,0
1477,14,1,0
1478,14,1,0
1479,14,1,0
1480,14,1,0
1481,14,1,0
1482,14,1,0
1483,14,1,0
1484,14,1,0
1485,14,1,0
1486,14,1,0
1487,14,1,0
1488,14,1,0
1489,14,1,0
1490,14,1,0
1491,14,1,0
1492,14,1,0
1493,14,1,0
1494,14,1,0
1495,14,1,0
1496,14,1,0
1497,14,1,0
1498,14,1,0
1499,14,1,0
1500,14,1,0
1501,14,1,0
1502,14,1,0
1503,14,1,0
1504,14,1,0
1505,14,1,0
1506,14,1,0
1507,14,1,0
1508,14,1,0
1509,14,1,0
1510,14,1,0
1511,14,1,0
1512,14,1,0
1513,14,1,0
1514,14,1,0
1515,14,1,0
1516,14,1,0
1517,14,1,0
1518,14,1,0
1519,14,1,0
1520,14,1,0
1521,14,1,0
1522,14,1,0
1523,14,1,0
1524,14,1,0
1525,14,1,0
1526,14,1,0
1527,14,1,0
1528,14,1,0
1529,14,1,0
1530,14,1,0
1531,14,1,0
1532,14,1,0
1533,14,1,0
1534,14,1,0
1535,14,1,0
1536,14,1,0
1537,14,1,0
1538,14,1,0
1539,14,1,0
1540,14,1,0
1541,14,1,0
1542,14,1,0
1543,14,1,0
1544,14,1,0
1545,14,1,0
1546,14,1,0
1547,14,1,0
1548,14,1,0
1549,14,1,0
1550,14,1,0
1551,14,1,0
1552,14,1,0
1553,14,1,0
1554,14,1,0
1555,14,1,0
1556,14,1,0
1557,14,1,0
1558,14,1,0
1559,14,1,0
1560,14,1,0
1561,14,1,0
1562,14,1,0
1563,14,1,0
1564,14,1,0
1565,14,1,0
1566,14,1,0
1567,14,1,0
1568,14,1,0
1569,14,1,0
1570,14,1,0
1571,14,1,0
1572,14,1,0
1573,14,1,0
1574,14,1,0
1575,14,1,0
1576,14,1,0
1577,14,1,0
1578,15,1,0
1579,15,1,0
1580,15,1,0
1581,15,1,0
1582,15,1,0
1583,15,1,0
1584,15,1,0
1585,15,1,0
1586,15,1,0
1587,15,1,0
1588,15,1,0
1589,15,1,0
1590,15,1,0
1591,15,1,0
1592,15,1,0
1593,15,1,0
1594,15,1,0
1595,15,1,0
1596,15,1,0
1597,15,1,0
1598,15,1,0
1599,15,1,0
1600,15,1,0
1601,15,1,0
1602,15,1,0
1603,15,1,0
1604,15,1,0
1605,15,1,0
1606,15,1,0
1607,15,1,0
1608,15,1,0
1609,15,1,0
1610,15,1,0
1611,15,1,0
1612,15,1,0
1613,15,1,0
1614,15,1,0
1615,15,1,0
1616,15,1,0
1617,15,1,0
1618,15,1,0
1619,15,1,0
1620,15,1,0
1621,15,1,0
1622,15,1,0
1623,15,1,0
1624,15,1,0
1625,15,1,0
1626,15,1,0
1627,15,1,0
1628,15,1,0
1629,15,1,0
1630,15,1,0
1631,15,1,0
1632,15,1,0
1633,15,1,0
1634,15,1,0
1635,15,1,0
1636,15,1,0
1637,15,1,0
1638,15,1,0
1639,15,1,0
1640,15,1,0
1641,15,1,0
1642,15,1,0
1643,15,1,0
1644,15,1,0
1645,15,1,0
1646,15,1,0
1647,15,1,0
1648,15,2,0
1649,15,1,0
1650,15,1,0
1651,15,1,0
1652,15,1,0
1653,15,1,0
1654,15,1,0
1655,15,1,0
1656,15,1,0
1657,15,1,0
1658,15,1,0
1659,15,1,0
1660,15,1,0
1661,15,1,0
1662,15,1,0
1663,15,1,0
1664,15,1,0
1665,15,1,0
1666,15,1,0
1667,15,1,0
1668,15,1,0
1669,15,1,0
1670,15,1,0
1671,15,1,0
1672,15,1,0
1673,15,1,0
1674,15,1,0
1675,15,1,0
1676,15,1,0
1677,15,1,0
1678,15,1,0
1679,15,1,0
1680,15,1,0
1681,15,1,0
1682,15,1,0
1683,15,1,0
1684,15,1,0
1685,15,1,0
1686,15,1,0
1687,15,1,0
1688,15,1,0
1689,15,1,0
1690,15,1,0
1691,15,1,0
1692,15,1,0
1693,15,1,0
1694,15,1,0
1695,15,1,0
1696,15,1,0
1697,15,1,0
1698,15,1,0
1699,15,1,0
1700,15,1,0
1701,15,1,0
1702,15,1,0
1703,15,1,0
1704,15,1,0
1705,15,1,0
1706,15,1,0
1707,15,1,0
1708,15,1,0
1709,15,1,0
1710,15,1,0
1711,15,1,0
1712,15,1,0
1713,15,1,0
1714,15,1,0
1715,15,1,0
1716,15,1,0
1717,15,1,0
1718,15,1,0
1719,15,1,0
1720,15,1,0
1721,15,1,0
1722,15,1,0
1723,15,1,0
1724,15,1,0
1725,15,1,0
1726,15,1,0
1727,15,1,0
1728,15,1,0
1729,15,1,0
1730,15,1,0
1731,15,1,0
1732,15,1,0
1733,15,1,0
1734,15,1,0
1735,15,1,0
1736,15,1,0
1737,15,1,0
1738,15,1,0
1739,15,1,0
1740,15,1,0
1741,15,1,0
1742,15,1,0
1743,15,1,0
1744,15,1,0
1745,15,1,0
1746,15,1,0
1747,15,1,0
1748,15,1,0
1749,15,1,0
1750,15,1,0
1751,15,1,0
1752,15,1,0
1753,15,1,0
1754,15,1,0
1755,15,1,0
1756,15,1,0
1757,15,1,0
1758,15,1,0
1759,15,1,0
1760,15,1,0
1761,15,1,0
1762,15,1,0
1763,15,1,0
1764,15,1,0
1765,15,1,0
1766,15,1,0
1767,15,1,0
1768,15,1,0
1769,15,1,0
1770,15,1,0
1771,15,1,0
1772,15,1,0
1773,15,1,0
1774,15,1,0
1775,15,1,0
1776,15,1,0
1777,15,1,0
1778,15,1,0
1779,15,1,0
1780,15,1,0
1781,15,1,0
1782,15,1,0
1783,15,1,0
1784,15,1,0
1785,15,1,0
1786,15,1,0
1787,15,1,0
1788,15,1,0
1789,15,1,0
1790,15,1,0
1791,15,1,0
1792,15,1,0
1793,15,1,0
1794,15,1,0
1795,15,1,0
1796,15,1,0
1797,15,1,0
1798,15,1,0
1799,15,1,0
1800,15,1,0
1801,15,1,0
1802,15,1,0
1803,15,1,0
1804,15,1,0
1805,15,1,0
1806,15,1,0
1807,15,1,0
1808,15,1,0
1809,15,1,0
1810,15,1,0
1811,15,1,0
1812,15,1,0
1813,15,1,0
1814,15,1,0
1815,15,1,0
1816,15,1,0
1817,15,1,0
1818,15,1,0
1819,15,1,0
1820,15,1,0
1821,15,1,0
1822,15,1,0
1823,15,1,0
1824,15,1,0
1825,15,1,0
1826,15,1,0
1827,15,1,0
1828,15,1,0
1829,15,1,0
1830,15,1,0
1831,15,1,0
1832,15,1,0
1833,15,1,0
1834,15,1,0
1835,15,1,0
1836,15,1,0
1837,15,1,0
1838,15,1,0
1839,15,1,0
1840,15,1,0
1841,15,1,0
1842,15,1,0
1843,15,1,0
1844,15,1,0
1845,15,1,0
1846,15,1,0
1847,15,1,0
1848,15,1,0
1849,15,1,0
1850,15,1,0
1851,15,1,0
1852,15,1,0
1853,15,1,0
1854,15,1,0
1855,15,1,0
1856,15,1,0
1857,15,1,0
1858,15,1,0
1859,15,1,0
1860,15,1,0
1861,15,1,0
1862,15,1,0
1863,15,1,0
1864,15,1,0
1865,15,1,0
1866,15,1,0
1867,15,1,0
1868,15,1,0
1869,15,1,0
1870,15,1,0
1871,15,1,0
1872,15,1,0
1873,15,1,0
1874,15,1,0
1875,15,1,0
1876,15,1,0
1877,15,1,0
1878,15,1,0
1879,15,1,0
1880,15,1,0
1881,15,1,0
1882,15,1,0
1883,15,1,0
1884,15,1,0
1885,15,1,0
1886,15,1,0
1887,15,1,0
1888,15,1,0
1889,15,1,0
1890,15,1,0
1891,15,1,0
1892,15,1,0
1893,15,1,0
1894,15,1,0
1895,15,1,0
1896,15,1,0
1897,15,1,0
1898,15,1,0
1899,15,1,0
1900,15,1,0
1901,15,1,0
1902,15,1,0
1903,15,1,0
1904,15,1,0
1905,15,1,0
1906,15,1,0
1907,15,1,0
1908,15,1,0
1909,15,1,0
1910,15,1,0
1911,15,1,0
1912,15,1,0
1913,15,1,0
1914,15,1,0
1915,15,1,0
1916,15,1,0
1917,15,1,0
1918,15,1,0
1919,15,1,0
1920,15,1,0
1921,15,1,0
1922,15,1,0
1923,15,1,0
1924,15,1,0
1925,15,1,0
1926,15,1,0
1927,15,1,0
1928,15,1,0
1929,15,1,0
1930,15,1,0
1931,15,1,0
1932,15,1,0
1933,15,1,0
1934,15,1,0
1935,15,1,0
1936,15,1,0
1937,15,1,0
1938,15,1,0
1939,15,1,0
1940,15,1,0
1941,15,1,0
1942,15,1,0
1943,15,1,0
1944,15,1,0
1945,15,1,0
1946,15,1,0
1947,15,1,0
1948,15,1,0
1949,15,1,0
1950,15,1,0
1951,15,1,0
1952,15,1,0
1953,15,1,0
1954,15,1,0
1955,15,1,0
1956,15,1,0
1957,15,1,0
1958,15,1,0
1959,15,1,0
1960,15,1,0
1961,15,1,0
1962,15,1,0
1963,15,1,0
1964,15,1,0
1965,15,1,0
1966,15,1,0
1967,15,1,0
1968,15,1,0
1969,15,1,0
1970,15,1,0
1971,15,1,0
1972,15,1,0
1973,15,1,0
1974,15,1,0
1975,15,1,0
1976,15,1,0
1977,15,1,0
1978,15,1,0
1979,15,1,0
1980,15,1,0
1981,15,1,0
1982,15,1,0
1983,15,1,0
1984,15,1,0
1985,15,1,0
1986,15,1,0
1987,15,1,0
1988,15,1,0
1989,15,1,0
1990,15,1,0
1991,15,1,0
1992,15,1,0
1993,15,1,0
1994,15,1,0
1995,15,1,0
1996,15,1,0
1997,15,1,0
1998,15,1,0
1999,15,1,0
2000,15,1,0
2001,15,1,0
2002,15,1,0
2003,15,1,0
2004,15,1,0
2005,15,1,0
2006,15,1,0
2007,15,1,0
2008,15,1,0
2009,15,1,0
2010,15,1,0
2011,15,1,0
2012,15,1,0
2013,15,1,0
2014,15,1,0
2015,15,1,0
2016,15,1,0
2017,15,1,0
2018,15,1,0
2019,15,1,0
2020,15,1,0
2021,15,1,0
2022,15,1,0
2023,15,1,0
2024,15,1,0
2025,15,1,0
2026,15,1,0
2027,15,1,0
2028,15,1,0
2029,15,1,0
2030,15,1,0
2031,15,1,0
2032,15,1,0
2033,15,1,0
2034,15,1,0
2035,15,1,0
2036,15,1,0
2037,15,1,0
2038,15,1,0
2039,15,1,0
2040,15,1,0
2041,15,1,0
2042,15,1,0
2043,15,1,0
2044,15,1,0
2045,15,1,0
2046,15,1,0
2047,15,1,0
2048,15,1,0
2049,15,1,0
2050,15,1,0
2051,15,1,0
2052,15,1,0
2053,15,1,0
2054,15,1,0
2055,15,1,0
2056,15,1,0
2057,15,1,0
2058,15,1,0
2059,15,1,0
2060,15,1,0
2061,15,1,0
2062,15,1,0
2063,15,1,0
2064,15,1,0
2065,15,1,0
2066,15,1,0
2067,15,1,0
2068,15,1,0
2069,15,1,0
2070,15,1,0
2071,15,1,0
2072,15,1,0
2073,15,1,0
2074,15,1,0
2075,15,1,0
2076,15,1,0
2077,15,1,0
2078,15,1,0
2079,15,1,0
2080,15,1,0
2081,15,1,0
2082,15,1,0
2083,15,1,0
2084,15,1,0
2085,15,1,0
2086,15,1,0
2087,15,1,0
2088,15,1,0
2089,15,1,0
2090,15,1,0
2091,15,1,0
2092,15,1,0
2093,15,1,0
2094,15,1,0
2095,15,1,0
2096,15,1,0
2097,15,1,0
2098,15,1,0
2099,15,1,0
2100,15,1,0
2101,15,1,0
2102,15,1,0
2103,15,1,0
2104,15,1,0
2105,15,1,0
2106,15,1,0
2107,15,1,0
2108,15,1,0
2109,15,1,0
2110,15,1,0
2111,15,1,0
2112,15,1,0
2113,15,1,0
2114,15,1,0
2115,15,1,0
2116,15,1,0
2117,15,1,0
2118,15,1,0
2119,15,1,0
2120,15,1,0
2121,15,1,0
2122,15,1,0
2123,15,1,0
2124,15,1,0
2125,15,1,0
2126,15,1,0
2127,15,1,0
2128,15,1,0
2129,15,1,0
2130,15,1,0
2131,15,1,0
2132,15,1,0
2133,15,1,0
2134,15,1,0
2135,15,1,0
2136,15,1,0
2137,15,1,0
2138,15,1,0
2139,15,1,0
2140,15,1,0
2141,15,1,0
2142,15,1,0
2143,15,1,0
2144,15,1,0
2145,15,1,0
2146,15,1,0
2147,15,1,0
2148,15,1,0
2149,15,1,0
2150,15,1,0
2151,15,1,0
2152,15,1,0
2153,15,1,0
2154,15,1,0
2155,15,1,0
2156,15,1,0
2157,15,1,0
2158,15,1,0
2159,15,1,0
2160,15,1,0
2161,15,1,0
2162,15,1,0
2163,15,1,0
2164,15,1,0
2165,15,1,0
2166,15,1,0
2167,15,1,0
2168,15,1,0
2169,15,1,0
2170,15,1,0
2171,15,1,0
2172,15,1,0
2173,15,1,0
2174,15,1,0
2175,15,1,0
2176,15,1,0
2177,15,1,0
2178,15,1,0
2179,15,1,0
2180,15,1,0
2181,15,1,0
2182,15,1,0
2183,15,1,0
2184,15,1,0
2185,15,1,0
2186,15,1,0
2187,15,1,0
2188,15,1,0
2189,15,1,0
2190,15,1,0
2191,15,1,0
2192,15,1,0
2193,15,1,0
2194,15,1,0
2195,15,1,0
2196,15,1,0
2197,15,1,0
2198,15,1,0
2199,15,1,0
2200,15,1,0
2201,15,1,0
2202,15,1,0
2203,15,1,0
2204,15,1,0
2205,15,1,0
2206,15,1,0
2207,15,1,0
2208,15,1,0
2209,15,1,0
2210,15,1,0
2211,15,1,0
2212,15,1,0
2213,15,1,0
2214,15,1,0
2215,15,1,0
2216,15,1,0
2217,15,1,0
2218,15,1,0
2219,15,1,0
2220,15,1,0
2221,15,1,0
2222,15,1,0
2223,15,1,0
2224,15,1,0
2225,15,1,0
2226,15,1,0
2227,15,1,0
2228,15,1,0
2229,15,1,0
2230,15,1,0
2231,15,1,0
2232,15,1,0
2233,15,1,0
2234,15,1,0
2235,15,1,0
2236,15,1,0
2237,15,1,0
2238,15,1,0
2239,15,1,0
2240,15,1,0
2241,15,1,0
2242,15,1,0
2243,15,1,0
2244,15,1,0
2245,15,1,0
2246,15,1,0
2247,15,1,0
2248,15,1,0
2249,15,1,0
2250,15,1,0
2251,15,1,0
2252,15,1,0
2253,15,1,0
2254,15,1,0
2255,15,1,0
2256,15,1,0
2257,15,1,0
2258,15,1,0
2259,15,1,0
2260,15,1,0
2261,15,1,0
2262,15,1,0
2263,15,1,0
2264,15,1,0
2265,15,1,0
2266,15,1,0
2267,15,1,0
2268,15,1,0
2269,15,1,0
2270,15,1,0
2271,15,1,0
2272,15,1,0
2273,15,1,0
2274,15,1,0
2275,15,1,0
2276,15,1,0
2277,15,1,0
2278,15,1,0
2279,15,1,0
2280,15,1,0
2281,15,1,0
2282,15,1,0
2283,15,1,0
2284,15,1,0
2285,15,1,0
2286,15,1,0
2287,15,1,0
2288,15,1,0
2289,15,1,0
2290,15,1,0
2291,15,1,0
2292,15,1,0
2293,15,1,0
2294,15,1,0
2295,15,1,0
2296,15,1,0
2297,15,1,0
2298,15,1,0
2299,15,1,0
2300,15,1,0
2301,15,1,0
2302,15,1,0
2303,15,1,0
2304,15,1,0
2305,15,1,0
2306,15,1,0
2307,15,1,0
2308,15,1,0
2309,15,1,0
2310,15,1,0
2311,15,1,0
2312,15,1,0
2313,15,1,0
2314,15,1,0
2315,15,1,0
2316,15,1,0
2317,15,1,0
2318,15,1,0
2319,15,1,0
2320,15,1,0
2321,15,1,0
2322,15,1,0
2323,15,1,0
2324,15,1,0
2325,15,1,0
2326,15,1,0
2327,15,1,0
2328,15,1,0
2329,15,1,0
2330,15,1,0
2331,15,1,0
2332,15,1,0
2333,15,1,0
2334,15,1,0
2335,15,1,0
2336,15,1,0
2337,15,1,0
2338,15,1,0
2339,15,1,0
2340,15,1,0
2341,15,1,0
2342,15,1,0
2343,15,1,0
2344,15,1,0
2345,15,1,0
2346,15,1,0
2347,15,1,0
2348,15,1,0
2349,15,1,0
2350,15,1,0
2351,15,1,0
2352,15,1,0
2353,15,1,0
2354,15,1,0
2355,15,1,0
2356,15,1,0
2357,15,1,0
2358,15,1,0
2359,15,1,0
2360,15,1,0
2361,15,1,0
2362,15,1,0
2363,15,1,0
2364,15,1,0
2365,15,1,0
2366,15,1,0
2367,15,1,0
2368,15,1,0
2369,15,1,0
2370,15,1,0
2371,15,1,0
2372,15,1,0
2373,15,1,0
2374,15,1,0
2375,15,1,0
2376,15,1,0
2377,15,1,0
2378,15,1,0
2379,15,1,0
2380,15,1,0
2381,15,1,0
2382,15,1,0
2383,15,1,0
2384,15,1,0
2385,15,1,0
2386,15,1,0
2387,15,1,0
2388,15,1,0
2389,15,1,0
2390,15,1,0
2391,15,1,0
2392,15,1,0
2393,15,1,0
2394,15,1,0
2395,15,1,0
2396,15,1,0
2397,15,1,0
2398,15,1,0
2399,15,1,0
2400,15,1,0
2401,15,1,0
2402,15,1,0
2403,15,1,0
2404,15,1,0
2405,15,1,0
2406,15,1,0
2407,15,1,0
2408,15,1,0
2409,15,1,0
2410,15,1,0
2411,15,1,0
2412,15,1,0
2413,15,1,0
2414,15,1,0
2415,15,1,0
2416,15,1,0
2417,15,1,0
2418,15,1,0
2419,15,1,0
2420,15,1,0
2421,15,1,0
2422,15,1,0
2423,15,1,0
2424,15,1,0
2425,15,1,0
2426,15,1,0
2427,15,1,0
2428,15,1,0
2429,15,1,0
2430,15,1,0
2431,15,1,0
2432,15,1,0
2433,15,1,0
2434,15,1,0
2435,15,1,0
2436,15,1,0
2437,15,1,0
2438,15,1,0
2439,15,1,0
2440,15,1,0
2441,15,1,0
2442,15,1,0
2443,15,1,0
2444,15,1,0
2445,15,1,0
2446,15,1,0
2447,15,1,0
2448,15,1,0
2449,15,1,0
2450,15,1,0
2451,15,1,0
2452,15,1,0
2453,15,1,0
2454,15,1,0
2455,15,1,0
2456,15,1,0
2457,15,1,0
2458,15,1,0
2459,15,1,0
2460,15,1,0
2461,15,1,0
2462,15,1,0
2463,15,1,0
2464,15,1,0
2465,15,1,0
2466,15,1,0
2467,15,1,0
2468,15,1,0
2469,15,1,0
2470,15,1,0
2471,15,1,0
2472,15,1,0
2473,15,1,0
2474,15,1,0
2475,15,1,0
2476,15,1,0
2477,15,1,0
2478,15,1,0
2479,15,1,0
2480,15,1,0
2481,15,1,0
2482,15,1,0
2483,15,1,0
2484,15,1,0
2485,15,1,0
2486,15,1,0
2487,15,1,0
2488,15,1,0
2489,15,1,0
2490,15,1,0
2491,15,1,0
2492,15,1,0
2493,15,1,0
2494,15,1,0
2495,15,1,0
2496,15,1,0
2497,15,1,0
2498,15,1,0
2499,15,1,0
2500,15,1,0
2501,15,1,0
2502,15,1,0
2503,15,1,0
2504,15,1,0
2505,15,1,0
2506,15,1,0
2507,15,1,0
2508,15,1,0
2509,15,1,0
2510,15,1,0
2511,15,1,0
2512,15,1,0
2513,15,1,0
2514,15,1,0
2515,15,1,0
2516,15,1,0
2517,15,1,0
2518,15,1,0
2519,15,1,0
2520,15,1,0
2521,15,1,0
2522,15,1,0
2523,15,1,0
2524,15,1,0
2525,15,1,0
2526,15,1,0
2527,15,1,0
2528,15,1,0
2529,15,1,0
2530,15,1,0
2531,15,1,0
2532,15,1,0
2533,15,1,0
2534,15,1,0
2535,15,1,0
2536,15,1,0
2537,15,1,0
2538,15,1,0
2539,15,1,0
2540,15,1,0
2541,15,1,0
2542,15,1,0
2543,15,1,0
2544,15,1,0
2545,15,1,0
2546,15,1,0
2547,15,1,0
2548,15,1,0
2549,15,1,0
2550,15,1,0
2551,15,1,0
2552,15,1,0
2553,15,1,0
2554,15,1,0
2555,15,1,0
2556,15,1,0
2557,15,1,0
2558,15,1,0
2559,15,1,0
2560,15,1,0
2561,15,1,0
2562,15,1,0
2563,15,1,0
2564,15,1,0
2565,15,1,0
2566,15,1,0
2567,15,1,0
2568,15,1,0
2569,15,1,0
2570,15,1,0
2571,15,1,0
2572,15,1,0
2573,15,1,0
2574,15,1,0
2575,15,1,0
2576,15,1,0
2577,15,1,0
2578,15,1,0
2579,15,1,0
2580,15,1,0
2581,15,1,0
2582,15,1,0
2583,15,1,0
2584,15,1,0
2585,15,1,0
2586,15,1,0
2587,15,1,0
2588,15,1,0
2589,15,1,0
2590,15,1,0
2591,15,1,0
2592,15,1,0
2593,15,1,0
2594,15,1,0
2595,15,1,0
2596,15,1,0
2597,15,1,0
2598,15,1,0
2599,15,1,0
2600,15,1,0
2601,15,1,0
2602,15,1,0
2603,15,1,0
2604,15,1,0
2605,15,1,0
2606,15,1,0
2607,15,1,0
2608,15,1,0
2609,15,1,0
2610,15,1,0
2611,15,1,0
2612,15,1,0
2613,15,1,0
2614,15,1,0
2615,15,1,0
2616,15,1,0
2617,15,1,0
2618,15,1,0
2619,15,1,0
2620,15,1,0
2621,15,1,0
2622,15,1,0
2623,15,1,0
2624,15,1,0
2625,15,1,0
2626,15,1,0
2627,15,1,0
2628,15,1,0
2629,15,1,0
2630,15,1,0
2631,15,1,0
2632,15,1,0
2633,15,1,0
2634,15,1,0
2635,15,1,0
2636,15,1,0
2637,15,1,0
2638,15,1,0
2639,15,1,0
2640,15,1,0
2641,15,1,0
2642,15,1,0
2643,15,1,0
2644,15,1,0
2645,15,1,0
2646,15,1,0
2647,15,1,0
2648,15,1,0
2649,15,1,0
2650,15,1,0
2651,15,1,0
2652,15,1,0
2653,15,1,0
2654,15,1,0
2655,15,1,0
2656,15,1,0
2657,15,1,0
2658,15,1,0
2659,15,1,0
2660,15,1,0
2661,15,1,0
2662,15,1,0
2663,15,1,0
2664,15,1,0
2665,15,1,0
2666,15,1,0
2667,15,1,0
2668,15,1,0
2669,15,1,0
2670,15,1,0
2671,15,1,0
2672,15,1,0
2673,15,1,0
2674,15,1,0
2675,15,1,0
2676,15,1,0
2677,15,1,0
2678,15,1,0
2679,15,1,0
2680,15,1,0
2681,15,1,0
2682,15,1,0
2683,15,1,0
2684,15,1,0
2685,15,1,0
2686,15,1,0
2687,15,1,0
2688,15,1,0
2689,15,1,0
2690,15,1,0
2691,15,1,0
2692,15,1,0
2693,15,1,0
2694,15,1,0
2695,15,1,0
2696,15,1,0
2697,15,1,0
2698,15,1,0
2699,15,1,0
2700,15,1,0
2701,15,1,0
2702,15,1,0
2703,15,1,0
2704,15,1,0
2705,15,1,0
2706,15,1,0
2707,15,1,0
2708,15,1,0
2709,15,1,0
2710,15,1,0
2711,15,1,0
2712,15,1,0
2713,15,1,0
2714,15,1,0
2715,15,1,0
2716,15,1,0
2717,15,1,0
2718,15,1,0
2719,15,1,0
2720,15,1,0
2721,15,1,0
2722,15,1,0
2723,15,1,0
2724,15,1,0
2725,15,1,0
2726,15,1,0
2727,15,1,0
2728,15,1,0
2729,15,1,0
2730,15,1,0
2731,15,1,0
2732,15,1,0
2733,15,1,0
2734,15,1,0
2735,15,1,0
2736,15,1,0
2737,15,1,0
2738,15,1,0
2739,15,1,0
2740,15,1,0
2741,15,1,0
2742,15,1,0
2743,15,1,0
2744,15,1,0
2745,15,1,0
2746,15,1,0
2747,15,1,0
2748,15,1,0
2749,15,1,0
2750,15,1,0
2751,15,1,0
2752,15,1,0
2753,15,1,0
2754,15,1,0
2755,15,1,0
2756,15,1,0
2757,15,1,0
2758,15,1,0
2759,15,1,0
2760,15,1,0
2761,15,1,0
2762,15,1,0
2763,15,1,0
2764,15,1,0
2765,15,1,0
2766,15,1,0
2767,15,1,0
2768,15,1,0
2769,15,1,0
2770,15,1,0
2771,15,1,0
2772,15,1,0
2773,15,1,0
2774,15,1,0
2775,15,1,0
2776,15,1,0
2777,15,1,0
2778,15,1,0
2779,15,1,0
2780,15,1,0
2781,15,1,0
2782,15,1,0
2783,15,1,0
2784,15,1,0
2785,15,1,0
2786,15,1,0
2787,15,1,0
2788,15,1,0
2789,15,1,0
2790,15,1,0
2791,15,1,0
2792,15,1,0
2793,15,1,0
2794,15,1,0
2795,15,1,0
2796,15,1,0
2797,15,1,0
2798,15,1,0
2799,15,1,0
2800,15,1,0
2801,15,1,0
2802,15,1,0
2803,15,1,0
2804,15,1,0
2805,15,1,0
2806,15,1,0
2807,15,1,0
2808,15,1,0
2809,15,1,0
2810,15,1,0
2811,15,1,0
2812,15,1,0
2813,15,1,0
2814,15,1,0
2815,15,1,0
2816,15,1,0
2817,15,1,0
2818,15,1,0
2819,15,1,0
2820,15,1,0
2821,15,1,0
2822,15,1,0
2823,15,1,0
2824,15,1,0
2825,15,1,0
2826,15,1,0
2827,15,1,0
2828,15,1,0
2829,15,1,0
2830,15,1,0
2831,15,1,0
2832,15,1,0
2833,15,1,0
2834,15,1,0
2835,15,1,0
2836,15,1,0
2837,15,1,0
2838,15,1,0
2839,15,1,0
2840,15,1,0
2841,15,1,0
2842,15,1,0
2843,15,1,0
2844,15,1,0
2845,15,1,0
2846,15,1,0
2847,15,1,0
2848,15,1,0
2849,15,1,0
2850,15,1,0
2851,15,1,0
2852,15,1,0
2853,15,1,0
2854,15,1,0
2855,15,1,0
2856,15,1,0
2857,15,1,0
2858,15,1,0
2859,15,1,0
2860,15,1,0
2861,15,1,0
2862,15,1,0
2863,15,1,0
2864,15,1,0
2865,15,1,0
2866,15,1,0
2867,15,1,0
2868,15,1,0
2869,15,1,0
2870,15,1,0
2871,15,1,0
2872,15,1,0
2873,15,1,0
2874,15,1,0
2875,15,1,0
2876,15,1,0
2877,15,1,0
2878,15,1,0
2879,15,1,0
2880,15,1,0
2881,15,1,0
2882,15,1,0
2883,15,1,0
2884,15,1,0
2885,15,1,0
2886,15,1,0
2887,15,1,0
2888,15,1,0
2889,15,1,0
2890,15,1,0
2891,15,1,0
2892,15,1,0
2893,15,1,0
2894,15,1,0
2895,15,1,0
2896,15,1,0
2897,15,1,0
2898,15,1,0
2899,15,1,0
2900,15,1,0
2901,15,1,0
2902,15,1,0
2903,15,1,0
2904,15,1,0
2905,15,1,0
2906,15,1,0
2907,15,1,0
2908,15,1,0
2909,15,1,0
2910,15,1,0
2911,15,1,0
2912,15,1,0
2913,15,1,0
2914,15,1,0
2915,15,1,0
2916,15,1,0
2917,15,1,0
2918,15,1,0
2919,15,1,0
2920,15,1,0
2921,15,1,0
2922,15,1,0
2923,15,1,0
2924,15,1,0
2925,15,1,0
2926,15,1,0
2927,15,1,0
2928,15,1,0
2929,15,1,0
2930,15,1,0
2931,15,1,0
2932,15,1,0
2933,15,1,0
2934,15,1,0
2935,15,1,0
2936,15,1,0
2937,15,1,0
2938,15,1,0
2939,15,1,0
2940,15,1,0
2941,15,1,0
2942,15,1,0
2943,15,1,0
2944,15,1,0
2945,15,1,0
2946,15,1,0
2947,15,1,0
2948,15,1,0
2949,15,1,0
2950,15,1,0
2951,15,1,0
2952,15,1,0
2953,15,1,0
2954,15,1,0
2955,15,1,0
2956,15,1,0
2957,15,1,0
2958,15,1,0
2959,15,1,0
2960,15,1,0
2961,15,1,0
2962,15,1,0
2963,15,1,0
2964,15,1,0
2965,15,1,0
2966,15,1,0
2967,15,1,0
2968,15,1,0
2969,15,1,0
2970,15,1,0
2971,15,1,0
2972,15,1,0
2973,15,1,0
2974,15,1,0
2975,15,1,0
2976,15,1,0
2977,15,1,0
2978,15,1,0
2979,15,1,0
2980,15,1,0
2981,15,1,0
2982,15,1,0
2983,15,1,0
2984,15,1,0
2985,15,1,0
2986,15,1,0
2987,15,1,0
2988,15,1,0
2989,15,1,0
2990,15,1,0
2991,15,1,0
2992,15,1,0
2993,15,1,0
2994,15,1,0
2995,15,1,0
2996,15,1,0
2997,15,1,0
2998,15,1,0
2999,15,1,0
3000,15,1,0
3001,15,1,0
3002,15,1,0
3003,15,1,0
3004,15,1,0
3005,15,1,0
3006,15,1,0
3007,15,1,0
3008,15,1,0
3009,15,1,0
3010,15,1,0
3011,15,1,0
3012,15,1,0
3013,15,1,0
3014,15,1,0
3015,15,1,0
3016,15,1,0
3017,15,1,0
3018,15,1,0
3019,15,1,0
3020,15,1,0
3021,15,1,0
3022,15,1,0
3023,15,1,0
3024,15,1,0
3025,15,1,0
3026,15,1,0
3027,15,1,0
3028,15,1,0
3029,15,1,0
3030,15,1,0
3031,15,1,0
3032,15,1,0
3033,15,1,0
3034,15,1,0
3035,15,1,0
3036,15,1,0
3037,15,1,0
3038,15,1,0
3039,15,1,0
3040,15,1,0
3041,15,1,0
3042,15,1,0
3043,15,1,0
3044,15,1,0
3045,15,1,0
3046,15,1,0
3047,15,1,0
3048,15,1,0
3049,15,1,0
3050,15,1,0
3051,15,1,0
3052,15,1,0
3053,15,1,0
3054,15,1,0
3055,15,1,0
3056,15,1,0
3057,15,1,0
3058,15,1,0
3059,15,1,0
3060,15,1,0
3061,15,1,0
3062,15,1,0
3063,15,1,0
3064,15,1,0
3065,15,1,0
3066,15,1,0
3067,15,1,0
3068,15,1,0
3069,15,1,0
3070,15,1,0
3071,15,1,0
3072,15,1,0
3073,15,1,0
3074,15,1,0
3075,15,1,0
3076,15,1,0
3077,15,1,0
3078,15,1,0
3079,15,1,0
3080,15,1,0
3081,15,1,0
3082,15,1,0
3083,15,1,0
3084,15,1,0
3085,15,1,0
3086,15,1,0
3087,15,1,0
3088,15,1,0
3089,15,1,0
3090,15,1,0
3091,15,1,0
3092,15,1,0
3093,15,1,0
3094,15,1,0
3095,15,1,0
3096,15,1,0
3097,15,1,0
3098,15,1,0
3099,15,1,0
3100,15,1,0
3101,15,1,0
3102,15,1,0
3103,15,1,0
3104,15,1,0
3105,15,1,0
3106,15,1,0
3107,15,1,0
3108,15,1,0
3109,15,1,0
3110,15,1,0
3111,15,1,0
3112,15,1,0
3113,15,1,0
3114,15,1,0
3115,15,1,0
3116,15,1,0
3117,15,1,0
3118,15,1,0
3119,15,1,0
3120,15,1,0
3121,15,1,0
3122,15,1,0
3123,15,1,0
3124,15,1,0
3125,15,1,0
3126,15,1,0
3127,15,1,0
3128,15,1,0
3129,15,1,0
3130,15,1,0
3131,15,1,0
3132,15,1,0
3133,15,1,0
3134,15,1,0
3135,15,1,0
3136,15,1,0
3137,15,1,0
3138,15,1,0
3139,15,1,0
3140,15,1,0
3141,15,1,0
3142,15,1,0
3143,15,1,0
3144,15,1,0
3145,15,1,0
3146,15,1,0
3147,15,1,0
3148,15,1,0
3149,15,1,0
3150,15,1,0
3151,15,1,0
3152,15,1,0
3153,15,1,0
3154,15,1,0
3155,15,1,0
3156,15,1,0
3157,15,1,0
3158,15,1,0
3159,15,1,0
3160,15,1,0
3161,15,1,0
3162,15,1,0
3163,15,1,0
3164,15,1,0
3165,15,1,0
3166,15,1,0
3167,15,1,0
3168,15,1,0
3169,15,1,0
3170,15,1,0
3171,15,1,0
3172,15,1,0
3173,15,1,0
3174,15,1,0
3175,15,1,0
3176,15,1,0
3177,15,1,0
3178,15,1,0
3179,15,1,0
3180,15,1,0
3181,15,1,0
3182,15,1,0
3183,15,1,0
3184,15,1,0
3185,15,1,0
3186,15,1,0
3187,15,1,0
3188,15,1,0
3189,15,1,0
3190,15,1,0
3191,15,1,0
3192,15,1,0
3193,15,1,0
3194,15,1,0
3195,15,1,0
3196,15,1,0
3197,15,1,0
3198,15,1,0
3199,15,1,0
3200,15,1,0
3201,15,1,0
3202,15,1,0
3203,15,1,0
3204,15,1,0
3205,15,1,0
3206,15,1,0
3207,15,1,0
3208,15,1,0
3209,15,1,0
3210,15,1,0
3211,15,1,0
3212,15,1,0
3213,15,1,0
3214,15,1,0
3215,15,1,0
3216,15,1,0
3217,15,1,0
3218,15,1,0
3219,15,1,0
3220,15,1,0
3221,15,1,0
3222,15,1,0
3223,15,1,0
3224,15,1,0
3225,15,1,0
3226,15,1,0
3227,15,1,0
3228,15,1,0
3229,15,1,0
3230,15,1,0
3231,15,1,0
3232,15,1,0
3233,15,1,0
3234,15,1,0
3235,15,1,0
3236,15,1,0
3237,15,1,0
3238,15,1,0
3239,15,1,0
3240,15,1,0
3241,15,1,0
3242,15,1,0
3243,15,1,0
3244,15,1,0
3245,15,1,0
3246,15,1,0
3247,15,1,0
3248,15,1,0
3249,15,1,0
3250,15,1,0
3251,15,1,0
3252,15,1,0
3253,15,1,0
3254,15,1,0
3255,15,1,0
3256,15,1,0
3257,15,1,0
3258,15,1,0
3259,15,1,0
3260,15,1,0
3261,15,1,0
3262,15,1,0
3263,15,1,0
3264,15,1,0
3265,15,1,0
3266,15,1,0
3267,15,1,0
3268,15,1,0
3269,15,1,0
3270,15,1,0
3271,15,1,0
3272,15,1,0
3273,15,1,0
3274,15,1,0
3275,15,1,0
3276,15,1,0
3277,15,1,0
3278,15,1,0
3279,15,1,0
3280,15,1,0
3281,15,1,0
3282,15,1,0
3283,15,1,0
3284,15,1,0
3285,15,1,0
3286,15,1,0
3287,15,1,0
3288,15,1,0
3289,15,1,0
3290,15,1,0
3291,15,1,0
3292,15,1,0
3293,15,1,0
3294,15,1,0
3295,15,1,0
3296,15,1,0
3297,15,1,0
3298,15,1,0
3299,15,1,0
3300,15,1,0
3301,15,1,0
3302,15,1,0
3303,15,1,0
3304,15,1,0
3305,15,1,0
3306,15,1,0
3307,15,1,0
3308,15,1,0
3309,15,1,0
3310,15,1,0
3311,15,1,0
3312,15,1,0
3313,15,1,0
3314,15,1,0
3315,15,1,0
3316,15,1,0
3317,15,1,0
3318,15,1,0
3319,15,1,0
3320,15,1,0
3321,15,1,0
3322,15,1,0
3323,15,1,0
3324,15,1,0
3325,15,1,0
3326,15,1,0
3327,15,1,0
3328,15,1,0
3329,15,1,0
3330,15,1,0
3331,15,1,0
3332,15,1,0
3333,15,1,0
3334,15,1,0
3335,15,1,0
3336,15,1,0
3337,15,1,0
3338,15,1,0
3339,15,1,0
3340,15,1,0
3341,15,1,0
3342,15,1,0
3343,15,1,0
3344,15,1,0
3345,15,1,0
3346,15,1,0
3347,15,1,0
3348,15,1,0
3349,15,1,0
3350,15,1,0
3351,15,1,0
3352,15,1,0
3353,15,1,0
3354,15,1,0
3355,15,1,0
3356,15,1,0
3357,15,1,0
3358,15,1,0
3359,15,1,0
3360,15,1,0
3361,15,1,0
3362,15,1,0
3363,15,1,0
3364,15,1,0
3365,15,1,0
3366,15,1,0
3367,15,1,0
3368,15,1,0
3369,15,1,0
3370,15,1,0
3371,15,1,0
3372,15,1,0
3373,15,1,0
3374,15,1,0
3375,15,1,0
3376,15,1,0
3377,15,1,0
3378,15,1,0
3379,15,1,0
3380,15,1,0
3381,15,1,0
3382,15,1,0
3383,15,1,0
3384,15,1,0
3385,15,1,0
3386,15,1,0
3387,15,1,0
3388,15,1,0
3389,15,1,0
3390,15,1,0
3391,15,1,0
3392,15,1,0
3393,15,1,0
3394,15,1,0
3395,15,1,0
3396,15,1,0
3397,15,1,0
3398,15,1,0
3399,15,1,0
3400,15,1,0
3401,15,1,0
3402,15,1,0
3403,15,1,0
3404,15,1,0
3405,15,1,0
3406,15,1,0
3407,15,1,0
3408,15,1,0
3409,15,1,0
3410,15,1,0
3411,15,1,0
3412,15,1,0
3413,15,1,0
3414,15,1,0
3415,15,1,0
3416,15,1,0
3417,15,1,0
3418,15,1,0
3419,15,1,0
3420,15,1,0
3421,15,1,0
3422,15,1,0
3423,15,1,0
3424,15,1,0
3425,15,1,0
3426,15,1,0
3427,15,1,0
3428,15,1,0
3429,15,1,0
3430,15,1,0
3431,15,1,0
3432,15,1,0
3433,15,1,0
3434,15,1,0
3435,15,1,0
3436,15,1,0
3437,15,1,0
3438,15,1,0
3439,15,1,0
3440,15,1,0
3441,15,1,0
3442,15,1,0
3443,15,1,0
3444,15,1,0
3445,15,1,0
3446,15,1,0
3447,15,1,0
3448,15,1,0
3449,15,1,0
3450,15,1,0
3451,15,1,0
3452,15,1,0
3453,15,1,0
3454,15,1,0
3455,15,1,0
3456,15,1,0
3457,15,1,0
3458,15,1,0
3459,15,1,0
3460,15,1,0
3461,15,1,0
3462,15,1,0
3463,15,1,0
3464,15,1,0
3465,15,1,0
3466,15,1,0
3467,15,1,0
3468,15,1,0
3469,15,1,0
3470,15,1,0
3471,15,1,0
3472,15,1,0
3473,15,1,0
3474,15,1,0
3475,15,1,0
3476,15,1,0
3477,15,1,0
3478,15,1,0
3479,15,1,0
3480,15,1,0
3481,15,1,0
3482,15,1,0
3483,15,1,0
3484,15,1,0
3485,15,1,0
3486,15,1,0
3487,15,1,0
3488,15,1,0
3489,15,1,0
3490,15,1,0
3491,15,1,0
3492,15,1,0
3493,15,1,0
3494,15,1,0
3495,15,1,0
3496,15,1,0
3497,15,1,0
3498,15,1,0
3499,15,1,0
3500,15,1,0
3501,15,1,0
3502,15,1,0
3503,15,1,0
3504,15,1,0
3505,15,1,0
3506,15,1,0
3507,15,1,0
3508,15,1,0
3509,15,1,0
3510,15,1,0
3511,15,1,0
3512,15,1,0
3513,15,1,0
3514,15,1,0
3515,15,1,0
3516,15,1,0
3517,15,1,0
3518,15,1,0
3519,15,1,0
3520,15,1,0
3521,15,1,0
3522,15,1,0
3523,15,1,0
3524,15,1,0
3525,15,1,0
3526,15,1,0
3527,15,1,0
3528,15,1,0
3529,15,1,0
3530,15,1,0
3531,15,1,0
3532,15,1,0
3533,15,1,0
3534,15,1,0
3535,15,1,0
3536,15,1,0
3537,15,1,0
3538,15,1,0
3539,15,1,0
3540,15,1,0
3541,15,1,0
3542,15,1,0
3543,15,1,0
3544,15,1,0
3545,15,1,0
3546,15,1,0
3547,15,1,0
3548,15,1,0
3549,15,1,0
3550,15,1,0
3551,15,1,0
3552,15,1,0
3553,15,1,0
3554,15,1,0
3555,15,1,0
3556,15,1,0
3557,15,1,0
3558,15,1,0
3559,15,1,0
3560,15,1,0
3561,15,1,0
3562,15,1,0
3563,15,1,0
3564,15,1,0
3565,15,1,0
3566,15,1,0
3567,15,1,0
3568,15,1,0
3569,15,1,0
3570,15,1,0
3571,15,1,0
3572,15,1,0
3573,15,1,0
3574,15,1,0
3575,15,1,0
3576,15,1,0
3577,15,1,0
3578,15,1,0
3579,15,1,0
3580,15,1,0
3581,15,1,0
3582,15,1,0
3583,15,1,0
3584,15,1,0
3585,15,1,0
3586,15,1,0
3587,15,1,0
3588,15,1,0
3589,15,1,0
3590,15,1,0
3591,15,1,0
3592,15,1,0
3593,15,1,0
3594,15,1,0
3595,15,1,0
3596,15,1,0
3597,15,1,0
3598,15,1,0
3599,15,1,0
3600,15,1,0
3601,15,1,0
3602,15,1,0
3603,15,1,0
3604,15,1,0
3605,15,1,0
3606,15,1,0
3607,15,1,0
3608,15,1,0
3609,15,1,0
3610,15,1,0
3611,15,1,0
3612,15,1,0
3613,15,1,0
3614,15,1,0
3615,15,1,0
3616,15,1,0
3617,15,1,0
3618,15,1,0
3619,15,1,0
3620,15,1,0
3621,15,1,0
3622,15,1,0
3623,15,1,0
3624,15,1,0
3625,15,1,0
3626,15,1,0
3627,15,1,0
3628,15,1,0
3629,15,1,0
3630,15,1,0
3631,15,1,0
3632,15,1,0
3633,15,1,0
3634,15,1,0
3635,15,1,0
3636,15,1,0
3637,15,1,0
3638,15,1,0
3639,15,1,0
3640,15,1,0
3641,15,1,0
3642,15,1,0
3643,15,1,0
3644,15,1,0
3645,15,1,0
3646,15,1,0
3647,15,1,0
3648,15,1,0
3649,15,1,0
3650,15,1,0
3651,15,1,0
3652,15,1,0
3653,15,1,0
3654,15,1,0
3655,15,1,0
3656,15,1,0
3657,15,1,0
3658,15,1,0
3659,15,1,0
3660,15,1,0
3661,15,1,0
3662,15,1,0
3663,15,1,0
3664,15,1,0
3665,15,1,0
3666,15,1,0
3667,15,1,0
3668,15,1,0
3669,15,1,0
3670,15,1,0
3671,15,1,0
3672,15,1,0
3673,15,1,0
3674,15,1,0
3675,15,1,0
3676,15,1,0
3677,15,1,0
3678,15,1,0
3679,15,1,0
3680,15,1,0
3681,15,1,0
3682,15,1,0
3683,15,1,0
3684,15,1,0
3685,15,1,0
3686,15,1,0
3687,15,1,0
3688,15,1,0
3689,15,1,0
3690,15,1,0
3691,15,1,0
3692,15,1,0
3693,15,1,0
3694,15,1,0
3695,15,1,0
3696,15,1,0
3697,15,1,0
3698,15,1,0
3699,15,1,0
3700,15,1,0
3701,15,1,0
3702,15,1,0
3703,15,1,0
3704,15,1,0
3705,15,1,0
3706,15,1,0
3707,15,1,0
3708,15,1,0
3709,15,1,0
3710,15,1,0
3711,15,1,0
3712,15,1,0
3713,15,1,0
3714,15,1,0
3715,15,1,0
3716,15,1,0
3717,15,1,0
3718,15,1,0
3719,15,1,0
3720,15,1,0
3721,15,1,0
3722,15,1,0
3723,15,1,0
3724,15,1,0
3725,15,1,0
3726,15,1,0
3727,15,1,0
3728,15,1,0
3729,15,1,0
3730,15,1,0
3731,15,1,0
3732,15,1,0
3733,15,1,0
3734,15,1,0
3735,15,1,0
3736,15,1,0
3737,15,1,0
3738,15,1,0
3739,15,1,0
3740,15,1,0
3741,15,1,0
3742,15,1,0
3743,15,1,0
3744,15,1,0
3745,15,1,0
3746,15,1,0
3747,15,1,0
3748,15,1,0
3749,15,1,0
3750,15,1,0
3751,15,1,0
3752,15,1,0
3753,15,1,0
3754,15,1,0
3755,15,1,0
3756,15,1,0
3757,15,1,0
3758,15,1,0
3759,15,1,0
3760,15,1,0
3761,15,1,0
3762,15,1,0
3763,15,1,0
3764,15,1,0
3765,15,1,0
3766,15,1,0
3767,15,1,0
3768,15,1,0
3769,15,1,0
3770,15,1,0
3771,15,1,0
3772,15,1,0
3773,15,1,0
3774,15,1,0
3775,16,1,0
3776,16,1,0
3777,16,1,0
3778,16,1,0
3779,16,1,0
3780,16,1,0
3781,16,1,0
3782,16,1,0
3783,16,1,0
3784,16,1,0
3785,16,1,0
3786,16,1,0
3787,16,1,0
3788,16,1,0
3789,16,1,0
3790,16,1,0
3791,16,1,0
3792,16,1,0
3793,16,1,0
3794,16,1,0
3795,16,1,0
3796,16,1,0
3797,16,1,0
3798,16,1,0
3799,16,1,0
3800,16,1,0
