generation,max_fitness
0,0
1,0
2,0
3,0
4,0
5,0
6,0
7,0
8,0
9,0
10,0
11,0
12,0
13,0
14,0
15,0
16,0
17,0
18,0
19,0.5
20,0
21,0
22,0
23,0
24,0
25,0
26,0
27,0
28,0
29,0
30,0
31,0
32,0
33,0
34,0
35,0
36,0
37,0.5
38,0
39,0
40,0
41,0
42,0
43,0
44,0
45,0
46,0
47,0
48,0.5
49,0
50,0
51,0
52,0
53,0.5
54,0.5
55,0
56,0
57,0.5
58,0
59,0.5
60,0.5
61,1.5
62,0
63,0
64,0
65,0
66,0.5
67,0
68,0
69,0
70,0.5
71,0
72,0.5
73,0
74,0
75,0.5
76,0.5
77,0
78,0.5
79,0
80,0
81,0.5
82,0
83,0
84,1
85,0.5
86,0
87,0
88,1
89,0
90,0.5
91,0
92,0
93,0
94,0
95,0
96,0
97,0
98,0.5
99,0
100,0.5
101,0.5
102,0.5
103,0
104,0
105,0
106,0
107,0
108,0.5
109,0
110,0
111,0
112,0
113,0
114,0
115,0
116,0
117,0.5
118,0
119,0
120,0
121,1
122,0.5
123,0
124,0
125,0
126,0.5
127,0
128,0
129,0
130,0
131,0
132,0.5
133,0.5
134,0
135,1
136,0
137,0
138,0.5
139,0
140,0
141,0.5
142,0.5
143,0.5
144,1
145,0
146,0
147,0.5
148,0
149,0.5
150,1.5
151,0
152,0.5
153,0
154,0
155,1
156,0.5
157,0
158,0.5
159,0
160,0.5
161,0
162,0
163,1
164,0.5
165,1
166,0
167,0
168,1
169,0.5
170,0
171,0
172,1
173,1
174,0.5
175,0
176,0.5
177,1.5
178,0
179,0.5
180,0
181,1
182,0.5
183,0
184,0.5
185,1
186,1
187,1
188,1
189,0
190,0
191,0.5
192,0.5
193,1.5
194,1
195,0
196,0.5
197,0.5
198,1.5
199,1
200,0
201,0
202,1
203,1
204,1
205,0.5
206,0.5
207,1.5
208,0.5
209,1
210,1.5
211,0
212,0.5
213,0.5
214,0.5
215,1
216,0.5
217,0.5
218,0.5
219,3
220,0.5
221,0.5
222,1.5
223,0.5
224,0.5
225,1
226,0.5
227,0.5
228,0.5
229,0.5
230,1
231,3
232,1
233,0.5
234,0.5
235,0.5
236,0.5
237,1
238,1.5
239,0.5
240,1.5
241,1.5
242,0.5
243,1
244,0.5
245,1
246,1
247,0
248,2.5
249,0
250,1
251,1.5
252,1
253,1.5
254,1
255,0
256,0.5
257,1
258,1
259,2
260,1.5
261,1
262,0
263,1
264,1
265,0.5
266,0.5
267,0
268,1
269,0
270,2.5
271,0.5
272,2
273,0
274,0
275,1
276,2
277,0.5
278,0.5
279,1
280,1
281,2.5
282,1
283,1
284,1.5
285,1
286,0
287,0.5
288,1.5
289,1.5
290,1.5
291,0
292,0.5
293,1
294,1
295,0.5
296,0.5
297,1
298,0
299,0
300,1.5
301,2
302,1
303,1
304,1
305,1
306,0
307,0
308,1
309,0.5
310,2
311,0.5
312,0
313,0.5
314,1
315,1
316,0
317,0.5
318,0
319,0.5
320,1.5
321,2
322,1
323,1.5
324,2.5
325,2.5
326,2.5
327,3
328,1.5
329,0.5
330,0.5
331,1.5
332,3
333,0.5
334,0
335,0.5
336,2.5
337,2.5
338,0.5
339,1.5
340,0.5
341,1
342,4.5
343,0.5
344,0
345,1
346,0
347,2
348,2.5
349,1
350,2.5
351,2
352,0.5
353,0.5
354,0.5
355,2.5
356,1
357,2
358,1.5
359,1.5
360,1
361,0.5
362,2.5
363,1.5
364,0.5
365,1
366,2
367,2
368,0.5
369,0.5
370,2
371,3.5
372,2.5
373,2.5
374,2.5
375,0.5
376,1
377,0.5
378,0
379,0
380,2.5
381,2.5
382,3
383,0
384,1.5
385,1.5
386,0.5
387,4
388,0
389,2
390,1.5
391,5
392,1
393,1
394,1.5
395,1.5
396,1
397,0
398,1.5
399,1.5
400,1
401,2
402,1
403,0
404,1
405,2
406,2
407,0.5
408,2
409,4
410,2.5
411,1
412,3
413,3
414,1.5
415,3
416,2
417,1
418,0
419,0.5
420,0.5
421,0.5
422,2.5
423,2.5
424,0.5
425,1.5
426,2
427,1
428,0.5
429,0
430,1.5
431,2.5
432,1
433,0.5
434,2
435,4
436,7
437,2
438,0.5
439,1.5
440,1.5
441,3.5
442,1.5
443,3
444,1.5
445,3
446,4
447,3.5
448,2.5
449,1.5
450,2
451,4
452,5
453,0.5
454,0
455,1
456,1.5
457,2
458,1
459,2.5
460,0
461,0.5
462,2
463,1
464,1.5
465,1
466,1
467,2.5
468,0.5
469,1
470,2
471,1
472,0.5
473,0.5
474,3
475,2
476,1
477,2
478,2.5
479,1
480,2.5
481,1.5
482,0
483,1.5
484,1.5
485,2
486,2
487,0.5
488,3
489,2.5
490,3.5
491,0.5
492,2
493,2.5
494,1.5
495,3.5
496,3
497,4
498,1.5
499,1.5
500,3
501,2.5
502,2
503,3.5
504,2.5
505,2
506,3.5
507,1.5
508,1.5
509,3.5
510,1.5
511,1.5
512,1.5
513,4.5
514,5
515,0
516,4.5
517,1.5
518,0.5
519,2.5
520,2
521,1.5
522,1.5
523,2.5
524,2
525,2.5
526,1.5
527,4
528,1.5
529,1
530,2.5
531,1
532,3
533,1.5
534,3
535,1.5
536,1.5
537,1
538,3
539,0
540,3.5
541,2.5
542,4.5
543,1
544,1.5
545,4.5
546,4.5
547,1.5
548,4.5
549,2
550,4
551,2
552,5
553,2.5
554,3.5
555,3
556,1.5
557,1.5
558,3.5
559,4
560,0.5
561,3.5
562,3.5
563,3.5
564,0.5
565,6.5
566,0.5
567,1
568,1.5
569,1.5
570,1
571,1
572,6.5
573,3
574,5
575,2.5
576,1
577,2.5
578,2
579,3
580,2
581,4.5
582,0.5
583,4.5
584,4.5
585,3.5
586,2
587,4.5
588,3.5
589,1
590,1.5
591,0.5
592,2
593,3.5
594,1.5
595,1.5
596,4
597,3.5
598,5.5
599,3
600,1
601,2
602,3
603,1
604,0.5
605,5
606,3.5
607,0.5
608,2.5
609,0.5
610,2.5
611,4.5
612,0
613,3
614,1.5
615,3
616,3.5
617,2.5
618,1.5
619,2
620,3
621,3
622,4
623,3
624,5
625,7
626,4.5
627,1.5
628,2.5
629,9.5
630,5
631,2
632,3.5
633,2.5
634,3.5
635,8.5
636,2.5
637,3
638,1.5
639,1.5
640,2
641,2
642,4.5
643,5
644,2.5
645,3
646,5
647,4
648,0.5
649,5
650,5
651,10
652,1.5
653,2
654,5
655,4.5
656,1.5
657,9.5
658,4.5
659,6
660,2
661,0.5
662,3
663,4
664,4.5
665,1.5
666,2
667,2
668,4.5
669,2.5
670,2
671,7.5
672,4.5
673,5.5
674,3.5
675,12.5
676,7.5
677,1.5
678,5
679,5
680,4
681,3.5
682,4
683,0.5
684,1.5
685,8.5
686,5
687,1
688,1.5
689,1.5
690,4.5
691,6
692,6.5
693,2.5
694,6
695,3.5
696,5
697,5
698,1.5
699,1
700,3.5
701,3
702,2
703,7
704,6
705,1.5
706,3
707,7
708,2.5
709,7
710,1
711,8
712,2
713,3
714,4
715,5
716,8.5
717,9.5
718,2.5
719,3
720,7
721,3.5
722,4.5
723,2.5
724,1
725,9
726,1.5
727,6
728,1
729,5
730,0
731,11
732,4
733,6.5
734,0
735,4
736,3
737,1
738,4.5
739,6
740,6.5
741,8.5
742,8
743,17
744,2.5
745,1
746,6.5
747,4
748,7.5
749,5
750,1.5
751,3
752,3
753,7.5
754,7.5
755,8
756,0.5
757,6
758,5.5
759,11
760,2.5
761,0.5
762,10.5
763,6
764,2
765,8.5
766,8.5
767,2.5
768,8
769,7.5
770,6.5
771,0.5
772,3
773,7
774,5.5
775,14
776,1
777,4
778,1.5
779,5
780,3.5
781,9.5
782,1.5
783,5.5
784,3
785,6.5
786,7.5
787,9
788,11.5
789,3.5
790,10
791,4.5
792,5.5
793,1.5
794,1.5
795,6.5
796,10.5
797,1
798,12
799,4.5
800,9.5
801,7
802,9
803,5
804,9.5
805,2.5
806,12
807,6
808,9.5
809,11.5
810,2.5
811,10.5
812,9
813,7.5
814,8.5
815,2.5
816,8.5
817,4
818,2.5
819,6
820,5
821,12
822,8.5
823,8.5
824,0.5
825,5.5
826,13
827,1
828,7
829,2
830,5
831,7
832,4
833,9.5
834,8
835,7
836,1
837,17.5
838,4
839,6
840,8.5
841,3.5
842,11.5
843,6.5
844,4.5
845,9
846,7.5
847,9.5
848,6
849,4.5
850,13
851,7
852,2
853,4
854,9.5
855,4.5
856,4.5
857,2
858,8
859,7.5
860,1
861,9.5
862,10
863,4
864,10
865,7
866,2.5
867,15
868,7.5
869,24.5
870,2.5
871,5
872,10
873,9.5
874,7.5
875,9
876,5
877,3
878,7.5
879,5.5
880,6
881,10.5
882,8
883,2.5
884,2.5
885,7
886,6
887,12
888,4
889,1
890,2.5
891,14.5
892,9.5
893,1
894,6.5
895,7
896,0
897,9
898,12
899,5.5
900,4
901,13.5
902,7
903,0.5
904,8.5
905,3.5
906,5
907,3.5
908,13
909,2.5
910,6
911,6
912,11
913,7
914,1.5
915,6.5
916,5.5
917,2
918,1.5
919,4.5
920,2
921,9.5
922,10.5
923,7.5
924,14.5
925,4
926,6
927,4.5
928,2.5
929,13
930,0
931,10.5
932,9.5
933,2
934,13
935,10
936,12
937,13.5
938,6.5
939,8.5
940,5
941,10.5
942,6.5
943,10.5
944,4
945,7
946,6
947,16
948,31.5
949,6.5
950,17
951,15
952,10
953,20
954,5.5
955,8.5
956,9.5
957,4.5
958,7
959,11
960,11
961,12.5
962,17
963,6
964,15.5
965,1
966,6.5
967,5
968,3.5
969,7.5
970,17
971,6.5
972,2
973,15
974,9
975,3
976,9.5
977,21
978,26
979,4
980,9.5
981,8
982,7
983,2.5
984,6.5
985,18
986,10.5
987,20
988,3
989,16
990,5.5
991,5.5
992,11.5
993,6
994,11.5
995,9.5
996,3.5
997,3.5
998,0.5
999,1
1000,11
1001,11.5
1002,4
1003,5.5
1004,9
1005,11
1006,9.5
1007,7.5
1008,2
1009,3
1010,2
1011,0.5
1012,11
1013,9.5
1014,6.5
1015,0
1016,17.5
1017,9
1018,1
1019,12.5
1020,10.5
1021,0.5
1022,10
1023,17.5
1024,10.5
1025,3
1026,9
1027,6.5
1028,13.5
1029,6
1030,7
1031,21
1032,8
1033,5.5
1034,11.5
1035,26.5
1036,0
1037,6.5
1038,17
1039,2
1040,18.5
1041,4
1042,8.5
1043,5
1044,16
1045,3
1046,3
1047,27
1048,1.5
1049,6.5
1050,22
1051,12
1052,27.5
1053,8
1054,15
1055,2
1056,2.5
1057,0
1058,14
1059,18
1060,16
1061,7.5
1062,11.5
1063,5
1064,19.5
1065,2.5
1066,12.5
1067,22.5
1068,13.5
1069,7
1070,12.5
1071,21
1072,17
1073,10.5
1074,16
1075,9.5
1076,9.5
1077,11
1078,4.5
1079,0.5
1080,8.5
1081,12
1082,20
1083,17.5
1084,16
1085,20.5
1086,2.5
1087,15.5
1088,21.5
1089,3.5
1090,2.5
1091,19.5
1092,23
1093,6
1094,0
1095,9.5
1096,0.5
1097,14.5
1098,15
1099,17
1100,7
1101,18.5
1102,10
1103,4
1104,7.5
1105,5
1106,8
1107,21.5
1108,0.5
1109,12
1110,15
1111,4
1112,9
1113,1.5
1114,8.5
1115,0.5
1116,4
1117,1
1118,1.5
1119,2.5
1120,10
1121,12
1122,21
1123,18.5
1124,20.5
1125,8.5
1126,8
1127,9
1128,9.5
1129,18.5
1130,21
1131,10
1132,11.5
1133,24
1134,6.5
1135,1.5
1136,14
1137,15
1138,11.5
1139,31.5
1140,8.5
1141,5.5
1142,8
1143,19
1144,17.5
1145,14
1146,10.5
1147,9
1148,21
1149,17.5
1150,14
1151,8
1152,9
1153,11
1154,21
1155,11.5
1156,11
1157,9
1158,28
1159,9.5
1160,9
1161,24.5
1162,13
1163,18.5
1164,25.5
1165,12
1166,6.5
1167,0
1168,12.5
1169,16
1170,19
1171,19.5
1172,16
1173,16
1174,15
1175,26.5
1176,13
1177,1
1178,16
1179,0
1180,24.5
1181,19.5
1182,12
1183,3.5
1184,19
1185,8.5
1186,9.5
1187,10
1188,12.5
1189,6.5
1190,10
1191,10
1192,7.5
1193,9
1194,8.5
1195,1.5
1196,4.5
1197,3.5
1198,11.5
1199,14.5
1200,14.5
1201,20.5
1202,22
1203,15.5
1204,14.5
1205,2
1206,2.5
1207,13
1208,8.5
1209,20
1210,9.5
1211,26.5
1212,0
1213,10.5
1214,16
1215,5
1216,11.5
1217,8
1218,20.5
1219,18.5
1220,21.5
1221,21
1222,13
1223,22
1224,7.5
1225,27
1226,4
1227,15
1228,9.5
1229,2.5
1230,12.5
1231,31.5
1232,15.5
1233,29
1234,0.5
1235,10.5
1236,11.5
1237,11.5
1238,5.5
1239,21.5
1240,20
1241,12
1242,18
1243,26
1244,0.5
1245,14.5
1246,8.5
1247,3.5
1248,12
1249,4
1250,23.5
1251,11.5
1252,16
1253,23
1254,10.5
1255,17.5
1256,8
1257,41
1258,19
1259,6
1260,8.5
1261,4
1262,6.5
1263,6
1264,11
1265,22
1266,11.5
1267,7.5
1268,23.5
1269,11
1270,14.5
1271,13.5
1272,7.5
1273,28
1274,10.5
1275,21.5
1276,1
1277,28.5
1278,28
1279,12.5
1280,6.5
1281,20.5
1282,7.5
1283,8.5
1284,14
1285,7
1286,16
1287,13.5
1288,15.5
1289,32
1290,7.5
1291,0
1292,6
1293,0
1294,9.5
1295,5
1296,18.5
1297,18.5
1298,13.5
1299,10
1300,22.5
1301,42
1302,19
1303,18
1304,17.5
1305,22.5
1306,11.5
1307,9
1308,7
1309,13.5
1310,25.5
1311,29
1312,3
1313,25.5
1314,25.5
1315,11.5
1316,21.5
1317,3.5
1318,18
1319,27.5
1320,13
1321,13.5
1322,4
1323,17
1324,13
1325,18.5
1326,18
1327,10.5
1328,9
1329,1
1330,22
1331,8
1332,2
1333,19
1334,19
1335,22.5
1336,12
1337,19.5
1338,47
1339,15.5
1340,8.5
1341,3.5
1342,10.5
1343,16.5
1344,16
1345,0.5
1346,13
1347,27.5
1348,42
1349,33.5
1350,19
1351,27.5
1352,13.5
1353,0
1354,8.5
1355,1
1356,9
1357,1.5
1358,17.5
1359,11.5
1360,1.5
1361,9.5
1362,21.5
1363,9
1364,32.5
1365,18.5
1366,4
1367,16.5
1368,20.5
1369,25.5
1370,6.5
1371,13
1372,15
1373,19
1374,11
1375,39
1376,33
1377,13.5
1378,15
1379,21
1380,6.5
1381,19
1382,15.5
1383,16
1384,12
1385,22
1386,36
1387,9
1388,14.5
1389,31
1390,25.5
1391,3.5
1392,27.5
1393,5
1394,37
1395,15
1396,13
1397,22.5
1398,11.5
1399,17
1400,18
1401,17.5
1402,39.5
1403,24
1404,0
1405,18.5
1406,9
1407,31.5
1408,15.5
1409,20
1410,15.5
1411,17.5
1412,8.5
1413,8.5
1414,18
1415,31
1416,20.5
1417,5.5
1418,0.5
1419,12.5
1420,35.5
1421,25.5
1422,24
1423,18
1424,30.5
1425,23
1426,32.5
1427,36.5
1428,19.5
1429,20.5
1430,12.5
1431,27
1432,8.5
1433,31
1434,19
1435,26
1436,29
1437,14
1438,39
1439,26
1440,13.5
1441,33.5
1442,8.5
1443,22.5
1444,30.5
1445,33.5
1446,23.5
1447,39
1448,32
1449,34.5
1450,17.5
1451,33
1452,2
1453,30.5
1454,4
1455,12
1456,20.5
1457,40
1458,21
1459,23
1460,9.5
1461,13.5
1462,9.5
1463,35
1464,9
1465,22
1466,28
1467,10
1468,20.5
1469,28.5
1470,40.5
1471,25.5
1472,26.5
1473,42
1474,14
1475,22.5
1476,24
1477,33.5
1478,20.5
1479,26.5
1480,23
1481,14
1482,33.5
1483,29
1484,24
1485,23
1486,17
1487,12.5
1488,16.5
1489,17
1490,8.5
1491,39.5
1492,9.5
1493,2
1494,11.5
1495,28.5
1496,14
1497,27.5
1498,16
1499,24.5
1500,9.5
1501,28
1502,18.5
1503,38.5
1504,69.5
1505,31
1506,39.5
1507,17
1508,15.5
1509,17.5
1510,18
1511,4
1512,26.5
1513,7
1514,23.5
1515,29
1516,32.5
1517,14.5
1518,34
1519,29
1520,16.5
1521,27
1522,19
1523,12.5
1524,26
1525,0
1526,31.5
1527,16
1528,12.5
1529,15.5
1530,33.5
1531,33.5
1532,28
1533,22.5
1534,23.5
1535,34
1536,18.5
1537,4.5
1538,13
1539,26.5
1540,19.5
1541,39
1542,34.5
1543,39.5
1544,3.5
1545,2
1546,9.5
1547,26.5
1548,18.5
1549,31
1550,6
1551,26
1552,25.5
1553,29
1554,0
1555,2
1556,9
1557,36
1558,31.5
1559,28
1560,11.5
1561,30
1562,8.5
1563,27
1564,5
1565,10.5
1566,19.5
1567,9
1568,20
1569,21.5
1570,27.5
1571,36.5
1572,50
1573,27
1574,19
1575,19.5
1576,17.5
1577,32
1578,21.5
1579,4
1580,12.5
1581,33
1582,30
1583,11.5
1584,8
1585,27
1586,10.5
1587,19.5
1588,51
1589,2
1590,44.5
1591,30.5
1592,41.5
1593,23
1594,23
1595,8.5
1596,31
1597,9.5
1598,24.5
1599,31.5
1600,12
1601,11.5
1602,20.5
1603,39
1604,30.5
1605,26.5
1606,23.5
1607,26
1608,31
1609,12
1610,37.5
1611,17.5
1612,14.5
1613,33
1614,15.5
1615,14.5
1616,25.5
1617,26.5
1618,28
1619,16.5
1620,27
1621,38.5
1622,39
1623,36.5
1624,39
1625,37
1626,26.5
1627,0
1628,9.5
1629,44.5
1630,50.5
1631,5
1632,36.5
1633,5.5
1634,47.5
1635,20
1636,21
1637,22
1638,18
1639,13.5
1640,27
1641,36
1642,19
1643,17.5
1644,20
1645,3
1646,20
1647,17
1648,11.5
1649,18
1650,38
1651,22
1652,8.5
1653,2.5
1654,16.5
1655,34
1656,25
1657,22
1658,25
1659,33.5
1660,20
1661,16
1662,27
1663,19
1664,1.5
1665,19
1666,37
1667,17
1668,33.5
1669,8
1670,26.5
1671,33.5
1672,23
1673,24.5
1674,38.5
1675,35
1676,36.5
1677,43.5
1678,13.5
1679,34
1680,24.5
1681,8.5
1682,15.5
1683,17.5
1684,36
1685,5.5
1686,2
1687,24
1688,30.5
1689,19
1690,18.5
1691,16
1692,38.5
1693,40
1694,47.5
1695,39
1696,11
1697,28.5
1698,32
1699,18
1700,31.5
1701,22
1702,34
1703,4.5
1704,51
1705,38
1706,35.5
1707,16.5
1708,45
1709,29
1710,17
1711,29.5
1712,19
1713,18.5
1714,40.5
1715,18.5
1716,21
1717,50
1718,33.5
1719,56
1720,27
1721,15.5
1722,37.5
1723,27
1724,52.5
1725,33
1726,15
1727,30
1728,28.5
1729,21.5
1730,17.5
1731,34.5
1732,10
1733,52
1734,41.5
1735,23.5
1736,22.5
1737,13.5
1738,8
1739,16
1740,29.5
1741,42
1742,33
1743,7.5
1744,22.5
1745,0
1746,23
1747,28.5
1748,28
1749,35.5
1750,35.5
1751,37.5
1752,63.5
1753,16.5
1754,9.5
1755,13.5
1756,43.5
1757,12.5
1758,45.5
1759,15
1760,33.5
1761,23.5
1762,46
1763,35.5
1764,23.5
1765,11.5
1766,34.5
1767,36
1768,19.5
1769,19
1770,12
1771,23
1772,26
1773,20.5
1774,12
1775,27.5
1776,44
1777,15
1778,35
1779,50
1780,14
1781,21.5
1782,38
1783,49.5
1784,33.5
1785,25
1786,6
1787,58.5
1788,28
1789,35.5
1790,24.5
1791,15.5
1792,45.5
1793,0
1794,33.5
1795,50.5
1796,18
1797,15
1798,31.5
1799,14.5
1800,39.5
1801,37
1802,27.5
1803,22.5
1804,22
1805,27
1806,18
1807,33
1808,9.5
1809,2
1810,28
1811,18
1812,17
1813,19
1814,18
1815,30
1816,18.5
1817,43
1818,18
1819,30
1820,47
1821,28.5
1822,29
1823,11.5
1824,56
1825,42
1826,45
1827,38
1828,10.5
1829,40
1830,12
1831,19
1832,46
1833,37
1834,27.5
1835,9.5
1836,27
1837,8
1838,42
1839,26.5
1840,47.5
1841,27.5
1842,32
1843,47.5
1844,41
1845,24.5
1846,45
1847,26
1848,12
1849,39.5
1850,25
1851,32.5
1852,27.5
1853,15.5
1854,28.5
1855,27
1856,18
1857,52
1858,17.5
1859,39
1860,42.5
1861,32
1862,19
1863,32.5
1864,34
1865,43
1866,54.5
1867,29
1868,46.5
1869,10
1870,7
1871,62
1872,17
1873,40.5
1874,24.5
1875,45
1876,10
1877,24.5
1878,18
1879,44.5
1880,18.5
1881,18.5
1882,1
1883,9.5
1884,32
1885,31
1886,47.5
1887,24
1888,42.5
1889,26
1890,38
1891,41
1892,75
1893,25
1894,33
1895,29.5
1896,28.5
1897,42
1898,19
1899,35
1900,50
1901,35
1902,46.5
1903,25
1904,37
1905,1
1906,8.5
1907,25.5
1908,18.5
1909,49
1910,25
1911,15
1912,18.5
1913,47
1914,37
1915,18.5
1916,53.5
1917,40
1918,47
1919,25.5
1920,36.5
1921,44.5
1922,8.5
1923,26.5
1924,24.5
1925,65
1926,32.5
1927,25.5
1928,27.5
1929,40
1930,22.5
1931,27.5
1932,38.5
1933,28.5
1934,22.5
1935,28
1936,43.5
1937,19
1938,57.5
1939,14
1940,25.5
1941,14.5
1942,80.5
1943,10.5
1944,45.5
1945,30
1946,26
1947,35
1948,53
1949,18
1950,9.5
1951,29
1952,13
1953,68.5
1954,26
1955,38
1956,9.5
1957,44.5
1958,31.5
1959,56
1960,37.5
1961,55
1962,36.5
1963,57
1964,18
1965,0
1966,26.5
1967,39.5
1968,40
1969,28
1970,55.5
1971,23
1972,47.5
1973,38
1974,19.5
1975,29
1976,20.5
1977,15
1978,64
1979,9.5
1980,11.5
1981,19
1982,38.5
1983,31
1984,25.5
1985,26
1986,55.5
1987,17.5
1988,18.5
1989,60.5
1990,51.5
1991,38
1992,34.5
1993,40
1994,26.5
1995,38.5
1996,25
1997,9.5
1998,13
1999,21.5
2000,36.5
2001,24.5
2002,46
2003,29
2004,24.5
2005,25.5
2006,24.5
2007,8
2008,27.5
2009,0
2010,18.5
2011,61
2012,36.5
2013,34
2014,31
2015,38
2016,10
2017,22
2018,41.5
2019,65
2020,9
2021,28.5
2022,9.5
2023,26.5
2024,31
2025,31
2026,52.5
2027,41.5
2028,28
2029,14.5
2030,60
2031,47
2032,11.5
2033,39
2034,53
2035,54.5
2036,0
2037,0
2038,34
2039,11
2040,9
2041,39
2042,72
2043,38.5
2044,25
2045,31
2046,32.5
2047,21
2048,29.5
2049,78
2050,37.5
2051,38
2052,19.5
2053,10
2054,46
2055,57
2056,38.5
2057,48
2058,65.5
2059,32
2060,28
2061,47.5
2062,48
2063,27
2064,21.5
2065,52
2066,48
2067,9.5
2068,85
2069,9.5
2070,47
2071,33.5
2072,8
2073,20
2074,38
2075,30
2076,38.5
2077,62
2078,32.5
2079,44
2080,27
2081,28.5
2082,75
2083,0
2084,29
2085,46.5
2086,4.5
2087,61.5
2088,31
2089,28
2090,24.5
2091,66
2092,10.5
2093,40.5
2094,30.5
2095,34
2096,49
2097,9.5
2098,37
2099,21.5
2100,12.5
2101,19.5
2102,8.5
2103,48.5
2104,56.5
2105,74
2106,33.5
2107,34.5
2108,36.5
2109,38.5
2110,27.5
2111,55
2112,18.5
2113,31.5
2114,0
2115,27.5
2116,18
2117,18
2118,50.5
2119,62
2120,0
2121,43.5
2122,39.5
2123,39
2124,18.5
2125,18.5
2126,47.5
2127,39
2128,17
2129,19
2130,21
2131,16
2132,9.5
2133,32.5
2134,9.5
2135,19
2136,57.5
2137,48.5
2138,39.5
2139,68.5
2140,39
2141,29.5
2142,43
2143,10
2144,34.5
2145,38.5
2146,17
2147,16
2148,18.5
2149,29
2150,58.5
2151,38
2152,27
2153,61.5
2154,25
2155,43
2156,44.5
2157,29.5
2158,10
2159,16.5
2160,25.5
2161,41.5
2162,61.5
2163,28
2164,20.5
2165,35
2166,37.5
2167,81.5
2168,49
2169,53
2170,31.5
2171,44
2172,46
2173,30.5
2174,67.5
2175,3.5
2176,26
2177,21
2178,29.5
2179,46
2180,59
2181,28
2182,54
2183,31.5
2184,58
2185,40
2186,29
2187,13.5
2188,4.5
2189,29
2190,32.5
2191,46.5
2192,26.5
2193,25.5
2194,30
2195,56.5
2196,38
2197,27.5
2198,37.5
2199,29.5
2200,15
2201,4.5
2202,45.5
2203,18
2204,35.5
2205,53.5
2206,30
2207,10
2208,45.5
2209,28.5
2210,40
2211,46.5
2212,20.5
2213,30.5
2214,29.5
2215,29.5
2216,17
2217,34.5
2218,28.5
2219,48.5
2220,29
2221,29
2222,31
2223,26
2224,15.5
2225,28.5
2226,21.5
2227,54.5
2228,0
2229,39
2230,27.5
2231,9.5
2232,22
2233,10
2234,50
2235,48
2236,42.5
2237,29
2238,29
2239,36.5
2240,19
2241,31.5
2242,25.5
2243,25
2244,41
2245,17
2246,35.5
2247,46
2248,42
2249,89
2250,12
2251,51
2252,55.5
2253,28.5
2254,43
2255,48.5
2256,28
2257,21
2258,21
2259,38
2260,56.5
2261,19
2262,35
2263,38.5
2264,22
2265,20
2266,26
2267,23.5
2268,19.5
2269,24
2270,12.5
2271,19.5
2272,28.5
2273,0
2274,57
2275,31.5
2276,23
2277,38.5
2278,62.5
2279,28.5
2280,28.5
2281,39.5
2282,32.5
2283,25
2284,49
2285,27
2286,38.5
2287,29
2288,30.5
2289,4.5
2290,9.5
2291,48.5
2292,65.5
2293,29.5
2294,31
2295,29
2296,30
2297,62.5
2298,37.5
2299,38
2300,11.5
2301,36
2302,24
2303,26.5
2304,19
2305,30.5
2306,7.5
2307,23.5
2308,58
2309,9.5
2310,19.5
2311,22.5
2312,8
2313,18.5
2314,74.5
2315,46.5
2316,37.5
2317,47.5
2318,20.5
2319,58
2320,28.5
2321,9.5
2322,21.5
2323,19
2324,27
2325,28.5
2326,19
2327,65.5
2328,14.5
2329,11.5
2330,41
2331,32.5
2332,37
2333,41.5
2334,64
2335,30.5
2336,37.5
2337,28
2338,59.5
2339,30.5
2340,37.5
2341,10
2342,38.5
2343,37
2344,37.5
2345,42.5
2346,19.5
2347,57
2348,27.5
2349,39.5
2350,47.5
2351,47
2352,57.5
2353,9.5
2354,19
2355,29
2356,28.5
2357,10
2358,9.5
2359,66.5
2360,11
2361,21.5
2362,47.5
2363,37
2364,38
2365,19
2366,56.5
2367,29
2368,47
2369,66
2370,19.5
2371,21.5
2372,29
2373,39.5
2374,46
2375,20.5
2376,36.5
2377,26
2378,67.5
2379,38.5
2380,68.5
2381,29
2382,48.5
2383,48
2384,38.5
2385,74.5
2386,39
2387,38
2388,52.5
2389,27.5
2390,24
2391,36.5
2392,27.5
2393,74
2394,28
2395,19
2396,28
2397,41.5
2398,32
2399,26
2400,47.5
2401,10
2402,55.5
2403,19.5
2404,28.5
2405,48
2406,29.5
2407,37
2408,67
2409,20.5
2410,30.5
2411,19
2412,29
2413,38
2414,24
2415,9
2416,19
2417,33.5
2418,54
2419,24.5
2420,32.5
2421,56.5
2422,31.5
2423,47.5
2424,9.5
2425,47
2426,77.5
2427,25.5
2428,56.5
2429,48.5
2430,34
2431,19
2432,63
2433,42
2434,18
2435,35
2436,63
2437,59
2438,11
2439,46
2440,66
2441,15
2442,2
2443,30.5
2444,28.5
2445,65.5
2446,46.5
2447,49.5
2448,9
2449,55.5
2450,35.5
2451,18.5
2452,44.5
2453,65
2454,27.5
2455,28.5
2456,29
2457,72.5
2458,19
2459,38
2460,44.5
2461,28
2462,28
2463,56.5
2464,46
2465,19
2466,26.5
2467,26
2468,45
2469,36.5
2470,54.5
2471,32
2472,39.5
2473,18
2474,47.5
2475,38
2476,54
2477,45.5
2478,37
2479,47
2480,9.5
2481,19
2482,47
2483,92.5
2484,35.5
2485,28
2486,25.5
2487,28.5
2488,27.5
2489,27.5
2490,28.5
2491,36
2492,50.5
2493,19.5
2494,16
2495,28
2496,46.5
2497,26
2498,54
2499,36.5
2500,37.5
2501,19.5
2502,30.5
2503,26.5
2504,29
2505,44.5
2506,28
2507,21
2508,38.5
2509,18.5
2510,44.5
2511,43
2512,38
2513,37.5
2514,20.5
2515,28
2516,55.5
2517,47
2518,26.5
2519,8
2520,57
2521,44.5
2522,60
2523,27
2524,46
2525,40
2526,45
2527,0
2528,28
2529,17.5
2530,48.5
2531,38
2532,54.5
2533,28.5
2534,17
2535,48.5
2536,36
2537,14
2538,35.5
2539,48
2540,36
2541,47.5
2542,27.5
2543,66.5
2544,43.5
2545,38.5
2546,60.5
2547,57
2548,12
2549,18.5
2550,62.5
2551,36.5
2552,19.5
2553,17
2554,47.5
2555,56.5
2556,9.5
2557,55.5
2558,69.5
2559,45.5
2560,19.5
2561,19
2562,10
2563,46
2564,37.5
2565,19
2566,19
2567,55.5
2568,6.5
2569,9
2570,23.5
2571,66.5
2572,27
2573,44.5
2574,47.5
2575,38.5
2576,28.5
2577,57
2578,28
2579,43
2580,28.5
2581,52
2582,18.5
2583,24.5
2584,39
2585,19.5
2586,46.5
2587,28.5
2588,17
2589,19
2590,67
2591,27
2592,37.5
2593,29
2594,56
2595,63.5
2596,56.5
2597,20
2598,87
2599,38.5
2600,52.5
2601,19
2602,31.5
2603,38
2604,16.5
2605,47.5
2606,27
2607,38
2608,35.5
2609,19
2610,29
2611,35.5
2612,37.5
2613,30.5
2614,18
2615,35.5
2616,26
2617,0
2618,55.5
2619,14.5
2620,38
2621,9.5
2622,28.5
2623,32
2624,64
2625,47
2626,28
2627,47
2628,39
2629,38
2630,29
2631,9.5
2632,37.5
2633,21
2634,56.5
2635,28.5
2636,19
2637,29.5
2638,9.5
2639,32
2640,28.5
2641,9
2642,10
2643,19
2644,28
2645,48.5
2646,18.5
2647,30
2648,71.5
2649,33
2650,28.5
2651,19.5
2652,36
2653,42
2654,22.5
2655,53.5
2656,27.5
2657,28.5
2658,30
2659,38
2660,21.5
2661,26
2662,33
2663,23
2664,37.5
2665,19
2666,56.5
2667,29.5
2668,18
2669,43
2670,19
2671,28
2672,38.5
2673,15
2674,14
2675,25
2676,9.5
2677,9.5
2678,28
2679,44
2680,48
2681,35
2682,38
2683,19
2684,19
2685,28.5
2686,56.5
2687,65.5
2688,66.5
2689,19
2690,38
2691,47.5
2692,24
2693,41.5
2694,19.5
2695,46
2696,37
2697,28.5
2698,18
2699,47
2700,37.5
2701,45.5
2702,57
2703,36.5
2704,36
2705,28.5
2706,36.5
2707,74.5
2708,33.5
2709,45
2710,27.5
2711,10
2712,45
2713,33
2714,32.5
2715,47
2716,26.5
2717,28.5
2718,38
2719,29
2720,38
2721,56
2722,18.5
2723,48
2724,38
2725,29.5
2726,19
2727,41.5
2728,29.5
2729,38.5
2730,21
2731,33
2732,57
2733,48
2734,58
2735,9.5
2736,66.5
2737,16.5
2738,29
2739,13.5
2740,39.5
2741,63
2742,43
2743,48.5
2744,30
2745,19
2746,26.5
2747,36.5
2748,64.5
2749,28
2750,19
2751,18
2752,37
2753,19.5
2754,0
2755,9.5
2756,28
2757,38.5
2758,27
2759,36.5
2760,17
2761,28.5
2762,19
2763,9.5
2764,31
2765,28
2766,43
2767,48
2768,38
2769,28
2770,56
2771,29
2772,39
2773,19
2774,28.5
2775,45
2776,47.5
2777,39
2778,19
2779,26
2780,38.5
2781,27.5
2782,57
2783,47
2784,19
2785,31.5
2786,12.5
2787,28
2788,38.5
2789,29
2790,17
2791,40.5
2792,31
2793,37.5
2794,22
2795,49
2796,19
2797,14.5
2798,35.5
2799,65.5
2800,37.5
2801,12
2802,58
2803,40.5
2804,29
2805,56
2806,47.5
2807,29
2808,36
2809,47.5
2810,78
2811,22.5
2812,48.5
2813,32
2814,38
2815,26.5
2816,0
2817,26
2818,29
2819,28
2820,12
2821,54.5
2822,38
2823,28.5
2824,29
2825,29.5
2826,54
2827,19.5
2828,9.5
2829,10
2830,19
2831,10
2832,29.5
2833,9.5
2834,48
2835,31
2836,20
2837,33.5
2838,57.5
2839,35
2840,45.5
2841,38.5
2842,47.5
2843,48
2844,37.5
2845,29
2846,47.5
2847,39
2848,28.5
2849,10
2850,28
2851,24
2852,30
2853,41
2854,50.5
2855,39
2856,40.5
2857,37
2858,38
2859,18.5
2860,9.5
2861,47
2862,46.5
2863,37.5
2864,38.5
2865,19
2866,27
2867,39
2868,37
2869,19.5
2870,13.5
2871,38.5
2872,22.5
2873,0
2874,18.5
2875,38
2876,64
2877,47.5
2878,18
2879,79
2880,21
2881,18.5
2882,64.5
2883,9.5
2884,18
2885,27
2886,37.5
2887,37.5
2888,37.5
2889,47.5
2890,27
2891,11.5
2892,28
2893,46
2894,29
2895,64.5
2896,19.5
2897,37.5
2898,31
2899,21
2900,0
2901,17
2902,38.5
2903,47
2904,39
2905,19
2906,47
2907,20
2908,29
2909,37.5
2910,48
2911,10
2912,67.5
2913,29
2914,14
2915,62
2916,22
2917,38
2918,72.5
2919,37.5
2920,58.5
2921,29
2922,9.5
2923,49
2924,14
2925,73.5
2926,20
2927,48
2928,48.5
2929,28.5
2930,28.5
2931,51
2932,10
2933,39
2934,54.5
2935,9.5
2936,10
2937,30
2938,39
2939,19.5
2940,48.5
2941,40
2942,39.5
2943,40
2944,29
2945,57
2946,58
2947,39.5
2948,39
2949,79
2950,10
2951,46
2952,38.5
2953,10
2954,49
2955,34.5
2956,28
2957,45.5
2958,41.5
2959,19
2960,29
2961,19
2962,51
2963,38.5
2964,29
2965,10
2966,44.5
2967,28.5
2968,29
2969,29
2970,46
2971,39.5
2972,9.5
2973,28.5
2974,30
2975,49
2976,38
2977,40
2978,28.5
2979,27.5
2980,67
2981,85
2982,19
2983,19
2984,17.5
2985,0
2986,28.5
2987,57
2988,29
2989,38.5
2990,49.5
2991,9.5
2992,33.5
2993,29
2994,38.5
2995,36.5
2996,28
2997,38.5
2998,30.5
2999,47.5
3000,10
3001,20
3002,19.5
3003,42.5
3004,38.5
3005,43.5
3006,36.5
3007,34.5
3008,46.5
3009,29.5
3010,19
3011,57
3012,29.5
3013,59
3014,11.5
3015,12.5
3016,68
3017,68
3018,38.5
3019,39
3020,24.5
3021,8
3022,20
3023,41
3024,2
3025,37
3026,29.5
3027,55.5
3028,30
3029,58
3030,39.5
3031,60.5
3032,69.5
3033,24
3034,38
3035,29
3036,19.5
3037,51
3038,38.5
3039,44
3040,19
3041,29.5
3042,2
3043,48.5
3044,29.5
3045,20
3046,30
3047,55.5
3048,39.5
3049,40
3050,19.5
3051,58.5
3052,10
3053,30.5
3054,89
3055,50
3056,29.5
3057,30.5
3058,30.5
3059,19.5
3060,24
3061,9.5
3062,84
3063,9.5
3064,29
3065,39
3066,38.5
3067,39.5
3068,39.5
3069,39
3070,39
3071,68
3072,29
3073,39.5
3074,15
3075,40
3076,43
3077,19.5
3078,49.5
3079,67.5
3080,38.5
3081,43.5
3082,22.5
3083,39.5
3084,19
3085,19.5
3086,9.5
3087,46.5
3088,44
3089,78.5
3090,29
3091,0
3092,48.5
3093,76.5
3094,39
3095,29
3096,59.5
3097,29.5
3098,43.5
3099,4.5
3100,70
3101,20.5
3102,56.5
3103,57
3104,22.5
3105,59.5
3106,33.5
3107,9.5
3108,48.5
3109,29.5
3110,50
3111,14
3112,19.5
3113,48.5
3114,77.5
3115,59.5
3116,22
3117,40
3118,38
3119,59.5
3120,19
3121,17.5
3122,10
3123,48.5
3124,31
3125,20
3126,86
3127,38.5
3128,42.5
3129,29.5
3130,45.5
3131,30
3132,19.5
3133,53.5
3134,19.5
3135,21
3136,49.5
3137,20
3138,30
3139,49.5
3140,39.5
3141,30
3142,9.5
3143,10
3144,40
3145,50
3146,21.5
3147,20
3148,41.5
3149,79
3150,40
3151,41
3152,29.5
3153,60
3154,4.5
3155,51
3156,20
3157,49
3158,20
3159,50.5
3160,39
3161,20
3162,50.5
3163,20
3164,48
3165,20
3166,10
3167,30
3168,60
3169,36
3170,59
3171,69.5
3172,19.5
3173,39
3174,12.5
3175,10
3176,30
3177,40
3178,60
3179,52.5
3180,31.5
3181,39.5
3182,30
3183,35
3184,44.5
3185,49.5
3186,40
3187,20
3188,80
3189,30
3190,40
3191,39
3192,26.5
3193,42
3194,50.5
3195,45.5
3196,40.5
3197,80.5
3198,31
3199,10
3200,38.5
3201,52
3202,28
3203,18
3204,40.5
3205,19.5
3206,29.5
3207,10
3208,19.5
3209,20
3210,38.5
3211,40.5
3212,30.5
3213,24.5
3214,48.5
3215,58
3216,30.5
3217,70
3218,55.5
3219,28.5
3220,49
3221,49.5
3222,29
3223,21.5
3224,51.5
3225,50
3226,70
3227,29.5
3228,40
3229,30
3230,10
3231,64.5
3232,56.5
3233,29.5
3234,58.5
3235,30
3236,39.5
3237,60.5
3238,51
3239,31
3240,39.5
3241,20
3242,32.5
3243,10.5
3244,40
3245,40.5
3246,61.5
3247,40
3248,30
3249,27
3250,82
3251,19.5
3252,49
3253,30
3254,40.5
3255,10.5
3256,30
3257,10
3258,59
3259,10
3260,52
3261,20.5
3262,30.5
3263,47
3264,41.5
3265,49.5
3266,50.5
3267,27
3268,19
3269,42
3270,54.5
3271,46.5
3272,10
3273,52
3274,28.5
3275,40
3276,40
3277,61
3278,46.5
3279,20
3280,61
3281,10.5
3282,70
3283,32
3284,40
3285,10.5
3286,35
3287,49
3288,28
3289,39
3290,26.5
3291,22
3292,20
3293,40
3294,80.5
3295,22
3296,40
3297,28.5
3298,10.5
3299,62
3300,29.5
3301,0
3302,37
3303,23
3304,10
3305,60
3306,29.5
3307,47
3308,47
3309,60.5
3310,60.5
3311,51.5
3312,70
3313,19.5
3314,10.5
3315,20.5
3316,30
3317,49
3318,20
3319,40.5
3320,79.5
3321,35
3322,39.5
3323,32.5
3324,10
3325,20
3326,42.5
3327,20
3328,51.5
3329,40.5
3330,58.5
3331,47
3332,14.5
3333,19.5
3334,10
3335,41
3336,30
3337,29
3338,30.5
3339,19.5
3340,31
3341,40.5
3342,10
3343,24
3344,30.5
3345,58.5
3346,50
3347,19.5
3348,29.5
3349,31.5
3350,43
3351,30.5
3352,40
3353,20
3354,34.5
3355,64.5
3356,30
3357,19
3358,40
3359,61
3360,31.5
3361,25
3362,30
3363,38.5
3364,20.5
3365,71.5
3366,30
3367,31
3368,41
3369,20.5
3370,50.5
3371,30.5
3372,10
3373,21
3374,26
3375,30
3376,40
3377,36.5
3378,42.5
3379,33
3380,21
3381,40
3382,30.5
3383,21
3384,61.5
3385,61.5
3386,10
3387,60
3388,20.5
3389,33
3390,12
3391,49.5
3392,26.5
3393,36.5
3394,30
3395,58.5
3396,49
3397,27
3398,40
3399,29.5
3400,0
3401,6.5
3402,20
3403,43.5
3404,50.5
3405,10
3406,19.5
3407,30.5
3408,10
3409,30.5
3410,30
3411,35
3412,9.5
3413,30
3414,58.5
3415,40
3416,38.5
3417,54
3418,37.5
3419,9.5
3420,20.5
3421,0
3422,20
3423,39.5
3424,17.5
3425,39.5
3426,30
3427,77
3428,20
3429,50.5
3430,79.5
3431,19
3432,30
3433,12.5
3434,39.5
3435,21
3436,50
3437,20
3438,70
3439,19.5
3440,40
3441,30
3442,27
3443,61
3444,39.5
3445,20
3446,39.5
3447,65.5
3448,39
3449,46.5
3450,21
3451,48
3452,16.5
3453,50
3454,29.5
3455,46.5
3456,61
3457,28
3458,40
3459,30.5
3460,50.5
3461,40
3462,50
3463,10
3464,30
3465,52.5
3466,32
3467,29.5
3468,39
3469,29.5
3470,81
3471,38.5
3472,53.5
3473,9.5
3474,20.5
3475,39
3476,28
3477,29.5
3478,31
3479,39
3480,3
3481,19.5
3482,10.5
3483,58
3484,29
3485,56.5
3486,41.5
3487,20.5
3488,39
3489,59.5
3490,39.5
3491,10.5
3492,40
3493,40.5
3494,19.5
3495,60
3496,59.5
3497,10.5
3498,49
3499,29
3500,48
3501,22.5
3502,56
3503,36.5
3504,20
3505,48.5
3506,20
3507,29
3508,30
3509,59
3510,24.5
3511,36.5
3512,49.5
3513,30
3514,29.5
3515,50
3516,2
3517,48
3518,9
3519,19.5
3520,50
3521,70
3522,48.5
3523,0
3524,19.5
3525,71
3526,39
3527,59
3528,19.5
3529,20
3530,34.5
3531,21
3532,24.5
3533,19.5
3534,39.5
3535,20.5
3536,31
3537,30.5
3538,10
3539,50
3540,30
3541,41
3542,36.5
3543,19.5
3544,19
3545,29
3546,39.5
3547,20
3548,50.5
3549,19.5
3550,10
3551,42.5
3552,60
3553,40
3554,59.5
3555,31
3556,44
3557,40
3558,11
3559,50.5
3560,30
3561,40
3562,21
3563,39.5
3564,19.5
3565,40
3566,29.5
3567,50.5
3568,52.5
3569,29.5
3570,49
3571,50
3572,50
3573,42
3574,20
3575,51.5
3576,10
3577,29.5
3578,39.5
3579,10
3580,29.5
3581,19.5
3582,25.5
3583,20.5
3584,46.5
3585,60
3586,10
3587,59
3588,48.5
3589,51.5
3590,69
3591,10
3592,29
3593,19.5
3594,33.5
3595,19
3596,35.5
3597,20
3598,34.5
3599,40
3600,30
3601,12
3602,20
3603,27.5
3604,40
3605,30
3606,70
3607,40.5
3608,52
3609,19.5
3610,19.5
3611,40.5
3612,19.5
3613,24.5
3614,39.5
3615,48.5
3616,20
3617,42.5
3618,40.5
3619,27
3620,39
3621,38.5
3622,40.5
3623,38
3624,30
3625,20.5
3626,59
3627,29.5
3628,37
3629,19
3630,69
3631,50
3632,30
3633,30.5
3634,10.5
3635,30
3636,44.5
3637,30
3638,61
3639,50.5
3640,39.5
3641,21
3642,30
3643,40
3644,40.5
3645,40
3646,30.5
3647,29
3648,40
3649,30.5
3650,40.5
3651,68
3652,39
3653,39.5
3654,46.5
3655,50
3656,20
3657,44.5
3658,19.5
3659,60.5
3660,45.5
3661,30
3662,10.5
3663,30
3664,10
3665,29.5
3666,30
3667,29.5
3668,30.5
3669,58.5
3670,39.5
3671,29.5
3672,32
3673,20
3674,40.5
3675,29.5
3676,24
3677,19.5
3678,51
3679,45
3680,20.5
3681,40
3682,40
3683,39.5
3684,62.5
3685,20.5
3686,49
3687,60.5
3688,30
3689,71
3690,10
3691,11
3692,30
3693,19.5
3694,49.5
3695,29
3696,20
3697,30
3698,9.5
3699,21
3700,50
3701,39.5
3702,20.5
3703,21
3704,0
3705,51
3706,29.5
3707,20.5
3708,50.5
3709,20.5
3710,20.5
3711,36.5
3712,40
3713,38.5
3714,10.5
3715,36.5
3716,21
3717,57.5
3718,31
3719,61
3720,39
3721,43.5
3722,28
3723,30.5
3724,61.5
3725,40
3726,40.5
3727,50
3728,69.5
3729,30.5
3730,26.5
3731,30
3732,19.5
3733,30
3734,39
3735,20.5
3736,25.5
3737,10
3738,27
3739,20
3740,22.5
3741,49.5
3742,50.5
3743,40.5
3744,21
3745,59.5
3746,41
3747,36
3748,40.5
3749,31
3750,40
3751,30.5
3752,31
3753,41
3754,50.5
3755,45.5
3756,19
3757,40
3758,40.5
3759,40.5
3760,31.5
3761,31
3762,20
3763,31.5
3764,82
3765,18.5
3766,41
3767,19.5
3768,39
3769,20.5
3770,20.5
3771,60
3772,61.5
3773,55.5
3774,20
3775,30.5
3776,21
3777,36.5
3778,60.5
3779,21
3780,10.5
3781,30.5
3782,20.5
3783,60
3784,41.5
3785,30.5
3786,36
3787,28
3788,27.5
3789,31
3790,30
3791,21
3792,21
3793,9.5
3794,51.5
3795,60
3796,29.5
3797,48.5
3798,44
3799,60
3800,30
3801,10
3802,31
3803,20
3804,60
3805,39
3806,40
3807,20.5
3808,41
3809,39
3810,71
3811,110
3812,31
3813,75.5
3814,10
3815,2
3816,31
3817,62
3818,20.5
3819,49
3820,40.5
3821,51
3822,50.5
3823,41
3824,41.5
3825,10.5
3826,20.5
3827,30
3828,31
3829,61
3830,10
3831,20
3832,52
3833,40
3834,40.5
3835,49
3836,52
3837,30.5
3838,21
3839,30.5
3840,44.5
3841,60
3842,40
3843,50.5
3844,51
3845,50.5
3846,20
3847,20
3848,10.5
3849,35.5
3850,82.5
3851,41.5
3852,31
3853,21
3854,19.5
3855,41
3856,12
3857,31
3858,31
3859,50.5
3860,19
3861,30.5
3862,62
3863,30.5
3864,30
3865,10.5
3866,53.5
3867,19.5
3868,41.5
3869,15
3870,92.5
3871,10
3872,60.5
3873,66
3874,40.5
3875,10.5
3876,41.5
3877,61
3878,30.5
3879,41
3880,21
3881,29
3882,60.5
3883,76
3884,10.5
3885,41
3886,31.5
3887,39.5
3888,61.5
3889,59
3890,61
3891,37
3892,40
3893,52.5
3894,10.5
3895,41.5
3896,0
3897,41.5
3898,31
3899,51.5
3900,52
3901,41
3902,52
3903,43
3904,24.5
3905,74
3906,45
3907,42
3908,51.5
3909,62
3910,11
3911,51.5
3912,41
3913,30.5
3914,73
3915,31.5
3916,54
3917,40.5
3918,42
3919,68.5
3920,41.5
3921,17.5
3922,30.5
3923,10.5
3924,60
3925,40
3926,30.5
3927,44.5
3928,41
3929,40.5
3930,21
3931,52
3932,27.5
3933,41.5
3934,28
3935,66
3936,31
3937,41.5
3938,21
3939,14.5
3940,49
3941,62
3942,31
3943,31.5
3944,71
3945,31
3946,53.5
3947,10
3948,10.5
3949,20.5
3950,12.5
3951,31.5
3952,41.5
3953,73.5
3954,52
3955,21
3956,51.5
3957,21
3958,25
3959,31.5
3960,10
3961,48.5
3962,35
3963,21
3964,41
3965,72.5
3966,31
3967,0
3968,53
3969,63
3970,19.5
3971,59
3972,31.5
3973,55
3974,50.5
3975,10
3976,46
3977,10.5
3978,62.5
3979,46.5
3980,21
3981,31
3982,56
3983,42
3984,62
3985,10.5
3986,40
3987,51
3988,40
3989,30.5
3990,13
3991,31
3992,41.5
3993,31.5
3994,25.5
3995,20.5
3996,61
3997,52
3998,42
3999,41.5
4000,83
4001,38.5
4002,62.5
4003,23.5
4004,63
4005,31.5
4006,37.5
4007,41.5
4008,52.5
4009,52
4010,72.5
4011,61
4012,52.5
4013,31
4014,51
4015,55
4016,42
4017,31
4018,0
4019,41.5
4020,28.5
4021,28.5
4022,47
4023,90.5
4024,40
4025,52
4026,21.5
4027,61.5
4028,21
4029,31
4030,63.5
4031,20
4032,60.5
4033,31.5
4034,55.5
4035,20
4036,58.5
4037,51
4038,51
4039,86
4040,21.5
4041,62.5
4042,63.5
4043,33
4044,31
4045,73
4046,20.5
4047,42
4048,10.5
4049,21
4050,31
4051,62
4052,51
4053,41
4054,21
4055,13.5
4056,51.5
4057,52.5
4058,42
4059,60.5
4060,31.5
4061,10
4062,0
4063,31
4064,31.5
4065,40
4066,41.5
4067,40.5
4068,31
4069,39
4070,40
4071,31.5
4072,31
4073,40.5
4074,41
4075,21
4076,10.5
4077,30
4078,21
4079,20.5
4080,45.5
4081,41
4082,20
4083,33.5
4084,51.5
4085,21
4086,71.5
4087,31
4088,60.5
4089,41.5
4090,31
4091,61
4092,31
4093,21
4094,41.5
4095,52
4096,41.5
4097,31.5
4098,42
4099,41.5
4100,30.5
4101,71.5
4102,41.5
4103,40
4104,45.5
4105,42
4106,42
4107,63
4108,14.5
4109,39
4110,34
4111,51.5
4112,20.5
4113,31
4114,22.5
4115,42
4116,15
4117,31.5
4118,52
4119,66
4120,30.5
4121,72.5
4122,31.5
4123,42
4124,20
4125,46.5
4126,44
4127,41
4128,0
4129,40
4130,41.5
4131,23.5
4132,20.5
4133,31
4134,30.5
4135,41.5
4136,54.5
4137,52
4138,10
4139,30.5
4140,31.5
4141,42
4142,10.5
4143,57
4144,61.5
4145,10.5
4146,20.5
4147,41
4148,34.5
4149,40.5
4150,82.5
4151,40.5
4152,39.5
4153,45
4154,35
4155,10.5
4156,36
4157,54.5
4158,20.5
4159,51.5
4160,47.5
4161,52.5
4162,10.5
4163,31
4164,31
4165,40.5
4166,24.5
4167,31
4168,58.5
4169,31
4170,20.5
4171,31
4172,32.5
4173,10.5
4174,51
4175,21
4176,41.5
4177,20
4178,46.5
4179,81
4180,10.5
4181,41.5
4182,30.5
4183,71.5
4184,62.5
4185,31.5
4186,31.5
4187,21
4188,62
4189,69.5
4190,30.5
4191,39
4192,45.5
4193,10
4194,48
4195,40.5
4196,30.5
4197,52
4198,20.5
4199,41
4200,29.5
4201,45.5
4202,12.5
4203,21
4204,20
4205,61.5
4206,10
4207,51.5
4208,32
4209,31
4210,83
4211,61
4212,50.5
4213,40.5
4214,30
4215,71.5
4216,31
4217,40.5
4218,84.5
4219,31.5
4220,10
4221,51
4222,23
4223,40.5
4224,20
4225,20
4226,10.5
4227,33
4228,31.5
4229,48.5
4230,31
4231,52.5
4232,41
4233,31.5
4234,21
4235,31
4236,42
4237,20.5
4238,51.5
4239,61.5
4240,50.5
4241,34
4242,42
4243,31
4244,20
4245,41.5
4246,61.5
4247,51.5
4248,40
4249,10.5
4250,103
4251,40.5
4252,31.5
4253,62
4254,31
4255,81.5
4256,92.5
4257,30.5
4258,42
4259,43
4260,21
4261,51
4262,41.5
4263,31
4264,31.5
4265,52
4266,30.5
4267,41.5
4268,21
4269,60.5
4270,40.5
4271,31
4272,83.5
4273,75
4274,10.5
4275,20.5
4276,72.5
4277,39
4278,41
4279,20.5
4280,31.5
4281,52
4282,31
4283,61.5
4284,13
4285,10.5
4286,23
4287,20.5
4288,21
4289,61.5
4290,51.5
4291,21
4292,84
4293,52.5
4294,39
4295,61.5
4296,52
4297,71.5
4298,29
4299,72
4300,30.5
4301,47.5
4302,18
4303,61.5
4304,51.5
4305,21
4306,30
4307,31.5
4308,20.5
4309,40.5
4310,41
4311,41
4312,21
4313,52
4314,59
4315,51.5
4316,30.5
4317,31.5
4318,51.5
4319,10.5
4320,41.5
4321,40.5
4322,46
4323,51.5
4324,20.5
4325,61.5
4326,53.5
4327,51
4328,51.5
4329,54.5
4330,31
4331,41.5
4332,20
4333,20.5
4334,40.5
4335,62.5
4336,42
4337,22
4338,18
4339,43
4340,31
4341,31
4342,39.5
4343,52.5
4344,62.5
4345,31.5
4346,62.5
4347,51.5
4348,30.5
4349,51
4350,39
4351,30.5
4352,23.5
4353,33.5
4354,41.5
4355,62
4356,21
4357,41.5
4358,30
4359,21
4360,39.5
4361,41
4362,41
4363,52
4364,20.5
4365,31.5
4366,73
4367,30.5
4368,61.5
4369,40.5
4370,62
4371,10.5
4372,29.5
4373,40.5
4374,41
4375,56.5
4376,51
4377,31
4378,51.5
4379,31
4380,31.5
4381,21
4382,70.5
4383,42
4384,48
4385,51
4386,24
4387,52
4388,0
4389,40.5
4390,21.5
4391,48.5
4392,31.5
4393,51
4394,52
4395,52.5
4396,26.5
4397,31.5
4398,42
4399,64.5
4400,42
4401,20.5
4402,0
4403,61
4404,14.5
4405,41.5
4406,20
4407,42
4408,73.5
4409,51.5
4410,31
4411,51.5
4412,31.5
4413,31.5
4414,62
4415,41.5
4416,52
4417,62.5
4418,52.5
4419,0
4420,41.5
4421,20.5
4422,21
4423,48.5
4424,52.5
4425,21
4426,48
4427,21
4428,31.5
4429,83.5
4430,21
4431,73
4432,10.5
4433,73
4434,31.5
4435,21
4436,52.5
4437,31
4438,42
4439,10.5
4440,62
4441,63
4442,10.5
4443,62.5
4444,31.5
4445,31.5
4446,47
4447,10.5
4448,10.5
4449,63
4450,62.5
4451,21
4452,31.5
4453,20.5
4454,41.5
4455,42
4456,51.5
4457,31.5
4458,42
4459,21
4460,42
4461,23
4462,10.5
4463,21
4464,14.5
4465,31.5
4466,42
4467,41.5
4468,41.5
4469,40.5
4470,51.5
4471,42
4472,23
4473,53
4474,42
4475,62.5
4476,31.5
4477,20.5
4478,46
4479,62
4480,55.5
4481,41
4482,42
4483,32.5
4484,41.5
4485,52.5
4486,51.5
4487,41.5
4488,71.5
4489,62.5
4490,41.5
4491,20
4492,32
4493,53
4494,72.5
4495,29.5
4496,52
4497,31.5
4498,73.5
4499,28
4500,51.5
4501,52
4502,21
4503,50
4504,31.5
4505,42.5
4506,41.5
4507,41.5
4508,31.5
4509,52
4510,52
4511,62
4512,8
4513,43
4514,73
4515,0
4516,72.5
4517,39.5
4518,29
4519,42
4520,31.5
4521,51.5
4522,31.5
4523,50.5
4524,21
4525,61.5
4526,61.5
4527,20.5
4528,31
4529,31
4530,31.5
4531,72.5
4532,31.5
4533,31
4534,31
4535,41
4536,63
4537,42
4538,52.5
4539,31.5
4540,64
4541,51.5
4542,10.5
4543,10
4544,73.5
4545,73
4546,31.5
4547,10.5
4548,31
4549,60
4550,41.5
4551,21
4552,63
4553,31.5
4554,62.5
4555,63
4556,42
4557,21
4558,52.5
4559,30
4560,0
4561,41.5
4562,21
4563,20.5
4564,71.5
4565,10.5
4566,62
4567,20.5
4568,31
4569,51.5
4570,42
4571,20.5
4572,31.5
4573,20.5
4574,20.5
4575,51.5
4576,49.5
4577,62.5
4578,52
4579,52.5
4580,50
4581,31.5
4582,21.5
4583,31.5
4584,45.5
4585,52.5
4586,62.5
4587,62
4588,30
4589,29
4590,31
4591,10.5
4592,30.5
4593,21
4594,10
4595,70.5
4596,42
4597,31
4598,31
4599,62
4600,52
4601,63
4602,62
4603,41.5
4604,31
4605,52
4606,29
4607,21
4608,42
4609,52.5
4610,10.5
4611,31.5
4612,30.5
4613,42
4614,31.5
4615,21
4616,10.5
4617,31
4618,20.5
4619,41.5
4620,21
4621,62.5
4622,41.5
4623,62.5
4624,10.5
4625,41
4626,21
4627,63.5
4628,73
4629,10.5
4630,30.5
4631,41.5
4632,20.5
4633,29.5
4634,30.5
4635,20
4636,83.5
4637,38.5
4638,51.5
4639,41.5
4640,42
4641,40.5
4642,31.5
4643,13.5
4644,61.5
4645,50.5
4646,38.5
4647,10.5
4648,21
4649,41
4650,31
4651,62.5
4652,21
4653,51.5
4654,31
4655,31
4656,55.5
4657,41.5
4658,42
4659,31.5
4660,62.5
4661,73.5
4662,10
4663,41
4664,31.5
4665,31.5
4666,51.5
4667,42
4668,31.5
4669,55.5
4670,42
4671,10.5
4672,52
4673,52.5
4674,21
4675,52.5
4676,62.5
4677,19.5
4678,31.5
4679,10.5
4680,52
4681,31
4682,21
4683,31
4684,59.5
4685,0
4686,31.5
4687,31.5
4688,41.5
4689,51
4690,28.5
4691,10.5
4692,21
4693,42
4694,52.5
4695,31.5
4696,20.5
4697,8
4698,21
4699,10.5
4700,41.5
4701,21
4702,20.5
4703,50
4704,31
4705,44
4706,31.5
4707,52.5
4708,62.5
4709,41.5
4710,10.5
4711,51
4712,21
4713,21
4714,20
4715,73
4716,63
4717,10
4718,10
4719,20.5
4720,62.5
4721,21.5
4722,41.5
4723,62.5
4724,52
4725,41
4726,21
4727,52.5
4728,18.5
4729,52
4730,31
4731,39.5
4732,21
4733,72.5
4734,21
4735,39.5
4736,30.5
4737,10.5
4738,21
4739,41.5
4740,31.5
4741,52
4742,31.5
4743,41.5
4744,31
4745,31
4746,41.5
4747,52
4748,9
4749,31
4750,83.5
4751,10
4752,41.5
4753,31
4754,52.5
4755,10.5
4756,42
4757,0
4758,60.5
4759,21
4760,31.5
4761,0
4762,62.5
4763,0
4764,41.5
4765,42
4766,62
4767,41.5
4768,41.5
4769,53.5
4770,63
4771,51.5
4772,51
4773,72.5
4774,73
4775,41.5
4776,30.5
4777,30
4778,82.5
4779,31.5
4780,52.5
4781,30.5
4782,31
4783,52
4784,61.5
4785,31.5
4786,41.5
4787,35.5
4788,20
4789,21.5
4790,30.5
4791,21
4792,31.5
4793,31.5
4794,0
4795,52.5
4796,52
4797,42
4798,20
4799,41
4800,41.5
4801,62.5
4802,62.5
4803,55
4804,31
4805,52
4806,42
4807,30.5
4808,31.5
4809,31.5
4810,10.5
4811,31.5
4812,62
4813,51
4814,51.5
4815,10.5
4816,73.5
4817,52
4818,21
4819,26
4820,0
4821,48.5
4822,20.5
4823,10
4824,41
4825,21
4826,21
4827,31.5
4828,42
4829,72.5
4830,63
4831,42
4832,50
4833,51.5
4834,49.5
4835,21
4836,41.5
4837,31
4838,52.5
4839,21
4840,10.5
4841,10.5
4842,10.5
4843,37.5
4844,73
4845,20.5
4846,0
4847,28
4848,0
4849,42
4850,42
4851,41
4852,31
4853,62.5
4854,31.5
4855,0
4856,51.5
4857,31.5
4858,52
4859,71.5
4860,21
4861,82.5
4862,52.5
4863,42
4864,60.5
4865,51
4866,73
4867,30.5
4868,41.5
4869,31.5
4870,52
4871,31.5
4872,31
4873,41.5
4874,21
4875,63
4876,42
4877,10.5
4878,53
4879,31.5
4880,52.5
4881,62.5
4882,42
4883,57.5
4884,31
4885,52
4886,45
4887,52
4888,62
4889,20.5
4890,20.5
4891,42
4892,72.5
4893,44
4894,31
4895,41
4896,20.5
4897,41.5
4898,31.5
4899,31
4900,41
4901,51.5
4902,31.5
4903,41.5
4904,31.5
4905,46.5
4906,21.5
4907,23
4908,52.5
4909,31.5
4910,42
4911,10.5
4912,39
4913,10.5
4914,52.5
4915,82.5
4916,67
4917,42
4918,103
4919,20.5
4920,42
4921,31.5
4922,40.5
4923,52.5
4924,21
4925,63
4926,0
4927,31.5
4928,21
4929,41.5
4930,31.5
4931,10.5
4932,42
4933,31.5
4934,73
4935,31
4936,21
4937,42
4938,19.5
4939,52.5
4940,52.5
4941,30
4942,42
4943,41
4944,31.5
4945,72.5
4946,52.5
4947,10.5
4948,73.5
4949,91.5
4950,31.5
4951,61.5
4952,41.5
4953,29.5
4954,31.5
4955,42
4956,21
4957,31.5
4958,42
4959,73
4960,31.5
4961,31
4962,52.5
4963,42
4964,52.5
4965,62.5
4966,62
4967,93.5
4968,63
4969,42
4970,30.5
4971,0
4972,52
4973,63
4974,21
4975,30
4976,62.5
4977,41
4978,21
4979,0
4980,50
4981,41.5
4982,52
4983,73.5
4984,61.5
4985,10.5
4986,49
4987,52
4988,73.5
4989,20.5
4990,51.5
4991,31.5
4992,25
4993,20.5
4994,72.5
4995,93
4996,62.5
4997,83
4998,71
4999,42
5000,31.5
5001,10.5
5002,21
5003,10.5
5004,42
5005,42
5006,31
5007,20.5
5008,42.5
5009,0
5010,27
5011,51
5012,50.5
5013,21
5014,21
5015,42
5016,42
5017,42
5018,21
5019,42
5020,41.5
5021,52.5
5022,41.5
5023,21
5024,42
5025,10.5
5026,42.5
5027,52.5
5028,21
5029,62
5030,31
5031,31.5
5032,31.5
5033,62.5
5034,82.5
5035,20.5
5036,53
5037,41
5038,10
5039,52.5
5040,31.5
5041,52
5042,10.5
5043,30
5044,54.5
5045,30.5
5046,25
5047,31
5048,21
5049,14.5
5050,32
5051,21
5052,65.5
5053,21
5054,10.5
5055,31.5
5056,31.5
5057,31.5
5058,42
5059,42
5060,54.5
5061,31.5
5062,41.5
5063,10.5
5064,52.5
5065,63
5066,21
5067,20.5
5068,41.5
5069,42
5070,52.5
5071,20.5
5072,31.5
5073,10.5
5074,41.5
5075,62.5
5076,52.5
5077,10.5
5078,20.5
5079,21
5080,63
5081,73.5
5082,62.5
5083,73.5
5084,52
5085,52
5086,54.5
5087,31
5088,52
5089,41.5
5090,30
5091,40
5092,52.5
5093,21
5094,52.5
5095,63
5096,52.5
5097,52.5
5098,73
5099,31.5
5100,31.5
5101,21
5102,52.5
5103,72
5104,21
5105,31.5
5106,42
5107,0
5108,84
5109,42
5110,31.5
5111,67.5
5112,41.5
5113,10.5
5114,31.5
5115,31.5
5116,10.5
5117,31.5
5118,21
5119,44.5
5120,42
5121,31
5122,52
5123,31.5
5124,52.5
5125,31.5
5126,73.5
5127,42
5128,31.5
5129,62.5
5130,42
5131,41.5
5132,31.5
5133,31.5
5134,21
5135,27.5
5136,21
5137,31.5
5138,31
5139,31
5140,42
5141,52
5142,17
5143,21
5144,62.5
5145,10.5
5146,73
5147,52
5148,52.5
5149,73.5
5150,42
5151,21
5152,21
5153,31.5
5154,20.5
5155,52.5
5156,21
5157,63
5158,73
5159,41.5
5160,31.5
5161,31.5
5162,42
5163,21
5164,73.5
5165,10.5
5166,51
5167,21
5168,41.5
5169,42
5170,42
5171,73.5
5172,73.5
5173,41.5
5174,52.5
5175,42
5176,52
5177,31.5
5178,21
5179,31.5
5180,63
5181,52.5
5182,21
5183,21
5184,0
5185,42
5186,21
5187,73
5188,31.5
5189,31
5190,42
5191,31.5
5192,31.5
5193,42
5194,42
5195,42
5196,31.5
5197,21
5198,38
5199,68
5200,41.5
5201,20.5
5202,21
5203,63
5204,32.5
5205,31.5
5206,63
5207,41
5208,31.5
5209,84
5210,21.5
5211,55
5212,0
5213,42
5214,42
5215,20.5
5216,42
5217,52.5
5218,50.5
5219,31.5
5220,21
5221,31
5222,73
5223,31.5
5224,42
5225,73.5
5226,63
5227,31.5
5228,52
5229,31.5
5230,42
5231,42
5232,10.5
5233,44.5
5234,62
5235,41.5
5236,63
5237,42
5238,50
5239,41
5240,63
5241,21
5242,63
5243,10.5
5244,52
5245,31.5
5246,21
5247,42
5248,42
5249,31.5
5250,41.5
5251,73.5
5252,21
5253,52.5
5254,21
5255,10.5
5256,41.5
5257,31.5
5258,52
5259,21
5260,52
5261,31.5
5262,21
5263,21
5264,42
5265,73
5266,42
5267,62
5268,21
5269,39
5270,42
5271,21
5272,31
5273,21
5274,63
5275,31
5276,10.5
5277,31
5278,31
5279,31.5
5280,63
5281,9.5
5282,52.5
5283,84
5284,10.5
5285,42
5286,73
5287,52.5
5288,82
5289,65.5
5290,31.5
5291,59.5
5292,63
5293,31.5
5294,31.5
5295,83.5
5296,21
5297,52.5
5298,63
5299,42
5300,31.5
5301,10.5
5302,31.5
5303,52.5
5304,52
5305,62.5
5306,31.5
5307,21
5308,63
5309,52
5310,59.5
5311,31.5
5312,41
5313,31
5314,0
5315,42
5316,21
5317,51.5
5318,42
5319,41.5
5320,73.5
5321,31.5
5322,42
5323,10.5
5324,63
5325,41.5
5326,31.5
5327,42
5328,125.5
5329,71.5
5330,29
5331,51.5
5332,52.5
5333,10.5
5334,52.5
5335,10.5
5336,31
5337,31.5
5338,51.5
5339,47
5340,10.5
5341,10.5
5342,41.5
5343,31.5
5344,42
5345,52.5
5346,42
5347,41
5348,21
5349,62
5350,31.5
5351,31.5
5352,10.5
5353,49
5354,62.5
5355,21
5356,31.5
5357,63
5358,31
5359,21
5360,73.5
5361,10.5
5362,10.5
5363,41.5
5364,72
5365,31.5
5366,23
5367,0
5368,20.5
5369,73.5
5370,62.5
5371,42
5372,55
5373,73
5374,21
5375,73
5376,41.5
5377,0
5378,63
5379,51.5
5380,10.5
5381,31.5
5382,63
5383,72.5
5384,31
5385,33.5
5386,21
5387,31
5388,31.5
5389,21
5390,52
5391,31.5
5392,42
5393,42
5394,31.5
5395,52
5396,31
5397,52
5398,52
5399,42
5400,31.5
5401,20.5
5402,72.5
5403,21
5404,10.5
5405,41.5
5406,62.5
5407,52.5
5408,31.5
5409,30.5
5410,21
5411,42
5412,31.5
5413,77
5414,42
5415,31.5
5416,52.5
5417,31.5
5418,62.5
5419,42
5420,31
5421,76
5422,31.5
5423,51
5424,42
5425,62.5
5426,9
5427,20.5
5428,51.5
5429,31.5
5430,52.5
5431,0
5432,28
5433,52.5
5434,31.5
5435,41
5436,21
5437,65.5
5438,31
5439,73
5440,83.5
5441,21
5442,42
5443,52.5
5444,42
5445,63
5446,42
5447,31.5
5448,10.5
5449,52.5
5450,50.5
5451,52.5
5452,21
5453,21
5454,52
5455,30.5
5456,10.5
5457,51
5458,31
5459,41
5460,52.5
5461,29
5462,51.5
5463,10.5
5464,42
5465,31
5466,31.5
5467,39.5
5468,62.5
5469,83
5470,31.5
5471,36.5
5472,51.5
5473,31.5
5474,52
5475,52.5
5476,31
5477,51.5
5478,21
5479,21
5480,21
5481,31.5
5482,82.5
5483,33.5
5484,41.5
5485,52
5486,20.5
5487,63
5488,30.5
5489,10.5
5490,42.5
5491,31.5
5492,51
5493,52.5
5494,20.5
5495,31
5496,21
5497,31
5498,0
5499,73.5
5500,31.5
5501,21
5502,41.5
5503,21
5504,21
5505,10.5
5506,10.5
5507,31.5
5508,20.5
5509,12.5
5510,31
5511,31.5
5512,62.5
5513,63
5514,41.5
5515,0
5516,21
5517,10.5
5518,10.5
5519,31
5520,63
5521,0
5522,84
5523,20.5
5524,52.5
5525,31.5
5526,52.5
5527,41.5
5528,31.5
5529,52
5530,42
5531,52.5
5532,49
5533,30
5534,31.5
5535,36.5
5536,52.5
5537,41
5538,43.5
5539,41.5
5540,72
5541,18
5542,43.5
5543,41.5
5544,41.5
5545,31.5
5546,31.5
5547,21
5548,30
5549,29.5
5550,31
5551,41
5552,63.5
5553,31.5
5554,41.5
5555,52.5
5556,42
5557,31.5
5558,21
5559,42
5560,42
5561,52.5
5562,41.5
5563,51
5564,42
5565,40
5566,72
5567,31.5
5568,31.5
5569,63
5570,21
5571,41.5
5572,52
5573,70.5
5574,21
5575,21
5576,51
5577,21
5578,42
5579,31
5580,52.5
5581,31.5
5582,42
5583,41.5
5584,31.5
5585,61
5586,52.5
5587,31.5
5588,41
5589,21
5590,52.5
5591,10
5592,19
5593,30.5
5594,31
5595,62
5596,62.5
5597,52.5
5598,31.5
5599,31.5
5600,52.5
5601,10.5
5602,42
5603,0
5604,41.5
5605,31.5
5606,31.5
5607,21
5608,12.5
5609,49
5610,31.5
5611,50.5
5612,19.5
5613,83
5614,42
5615,21
5616,53.5
5617,31.5
5618,31.5
5619,10.5
5620,31.5
5621,20.5
5622,21
5623,41.5
5624,10.5
5625,31.5
5626,71
5627,41
5628,83.5
5629,41
5630,63
5631,31
5632,24
5633,20.5
5634,31.5
5635,42
5636,52
5637,51.5
5638,28.5
5639,73
5640,60
5641,73.5
5642,41.5
5643,52.5
5644,61.5
5645,20.5
5646,31.5
5647,83.5
5648,83.5
5649,42
5650,32.5
5651,30.5
5652,39
5653,51
5654,20.5
5655,62
5656,31
5657,52.5
5658,31.5
5659,42
5660,21
5661,20.5
5662,0
5663,42
5664,31.5
5665,10.5
5666,40.5
5667,10.5
5668,10.5
5669,22.5
5670,41.5
5671,11.5
5672,31.5
5673,42
5674,41.5
5675,94
5676,21
5677,20.5
5678,31.5
5679,40.5
5680,49.5
5681,73
5682,31.5
5683,62.5
5684,50.5
5685,52
5686,42
5687,19
5688,62.5
5689,52.5
5690,31.5
5691,31.5
5692,20.5
5693,31.5
5694,52
5695,52.5
5696,62
5697,62
5698,21
5699,31
5700,31.5
5701,31.5
5702,52.5
5703,21
5704,31.5
5705,63
5706,49.5
5707,21
5708,21
5709,15.5
5710,52.5
5711,41.5
5712,21
5713,41.5
5714,42
5715,42
5716,20.5
5717,62.5
5718,31
5719,62.5
5720,18.5
5721,42
5722,42
5723,31
5724,10.5
5725,33.5
5726,28
5727,21
5728,31.5
5729,33.5
5730,63
5731,62.5
5732,42
5733,52
5734,82.5
5735,62
5736,73.5
5737,53
5738,62
5739,10.5
5740,10.5
5741,21
5742,31.5
5743,52
5744,83.5
5745,52.5
5746,30.5
5747,21
5748,21
5749,10
5750,40.5
5751,52.5
5752,61.5
5753,52
5754,21
5755,42
5756,0
5757,31.5
5758,41
5759,31.5
5760,31.5
5761,52.5
5762,21
5763,31.5
5764,42
5765,21.5
5766,20.5
5767,20
5768,41.5
5769,21
5770,42
5771,21.5
5772,73
5773,11
5774,31
5775,41
5776,31
5777,51
5778,42
5779,0
5780,31.5
5781,21
5782,41.5
5783,52
5784,42
5785,30.5
5786,41.5
5787,31.5
5788,52.5
5789,32
5790,20.5
5791,52.5
5792,31.5
5793,33.5
5794,30.5
5795,31
5796,41.5
5797,52.5
5798,41.5
5799,31.5
5800,31.5
5801,42
5802,52
5803,63
5804,42
5805,21
5806,62
5807,41
5808,24.5
5809,50.5
5810,82.5
5811,83
5812,44
5813,71
5814,28.5
5815,63.5
5816,41.5
5817,41.5
5818,31.5
5819,42
5820,30
5821,21
5822,20.5
5823,28.5
5824,63
5825,72.5
5826,31.5
5827,42
5828,21
5829,30.5
5830,41.5
5831,10.5
5832,39.5
5833,21
5834,51.5
5835,42
5836,42
5837,20
5838,43
5839,33
5840,41.5
5841,21
5842,21
5843,31.5
5844,51
5845,42
5846,31.5
5847,10.5
5848,21.5
5849,41.5
5850,42
5851,71
5852,41.5
5853,31.5
5854,21
5855,42
5856,22
5857,73.5
5858,63
5859,52.5
5860,73.5
5861,0
5862,41.5
5863,41.5
5864,52.5
5865,33
5866,50
5867,31
5868,21
5869,21
5870,31
5871,69
5872,31.5
5873,31.5
5874,20.5
5875,41.5
5876,42
5877,20.5
5878,62
5879,62.5
5880,42
5881,42
5882,41.5
5883,41.5
5884,52
5885,52.5
5886,83
5887,63
5888,62.5
5889,61.5
5890,41.5
5891,52.5
5892,83
5893,21
5894,41.5
5895,49.5
5896,0
5897,84
5898,77.5
5899,20.5
5900,41
5901,13.5
5902,31.5
5903,52.5
5904,41.5
5905,50
5906,50.5
5907,31.5
5908,59
5909,52
5910,31.5
5911,52
5912,22.5
5913,52.5
5914,41.5
5915,38
5916,31.5
5917,31.5
5918,31
5919,20.5
5920,31
5921,42
5922,31.5
5923,31.5
5924,31.5
5925,10.5
5926,40.5
5927,31
5928,31.5
5929,18
5930,70.5
5931,31
5932,41.5
5933,63
5934,41.5
5935,41.5
5936,46.5
5937,41
5938,41
5939,31.5
5940,33.5
5941,28.5
5942,42
5943,21
5944,52.5
5945,27
5946,10
5947,83.5
5948,31.5
5949,31.5
5950,10.5
5951,51.5
5952,31.5
5953,63
5954,73
5955,31
5956,50
5957,73
5958,29.5
5959,10.5
5960,52
5961,42
5962,10
5963,33
5964,0
5965,31.5
5966,41.5
5967,41
5968,30.5
5969,28
5970,41.5
5971,63
5972,31.5
5973,72.5
5974,62.5
5975,41.5
5976,21
5977,31.5
5978,21
5979,41.5
5980,9.5
5981,22.5
5982,31.5
5983,21
5984,31
5985,63
5986,36.5
5987,31.5
5988,0
5989,63
5990,21.5
5991,21
5992,42
5993,20.5
5994,31
5995,20.5
5996,21
5997,36.5
5998,33.5
5999,59.5
6000,51.5
6001,84
6002,0.5
6003,30
6004,73
6005,31
6006,73
6007,42
6008,42
6009,83.5
6010,52.5
6011,63
6012,52.5
6013,42
6014,71.5
6015,41.5
6016,31.5
6017,41.5
6018,84
6019,52.5
6020,42
6021,52
6022,31.5
6023,63
6024,31.5
6025,51.5
6026,31.5
6027,35.5
6028,31.5
6029,10.5
6030,84
6031,31.5
6032,31.5
6033,52.5
6034,63
6035,40
6036,41.5
6037,31.5
6038,11.5
6039,73
6040,30.5
6041,50.5
6042,33
6043,41
6044,55.5
6045,38.5
6046,42
6047,41.5
6048,63
6049,21
6050,31
6051,41.5
6052,31
6053,42
6054,52.5
6055,63
6056,41.5
6057,70.5
6058,10.5
6059,20
6060,42
6061,41.5
6062,42
6063,21
6064,31.5
6065,31
6066,42
6067,21
6068,73.5
6069,63
6070,42
6071,72
6072,51
6073,51.5
6074,31
6075,52
6076,38.5
6077,33.5
6078,28
6079,80.5
6080,21
6081,42
6082,21
6083,31.5
6084,39
6085,28.5
6086,31.5
6087,52.5
6088,21
6089,63
6090,21
6091,21
6092,20
6093,63
6094,42
6095,42
6096,21
6097,41.5
6098,64.5
6099,20.5
6100,41
6101,42
6102,23
6103,52
6104,21
6105,52.5
6106,31.5
6107,31.5
6108,21
6109,62.5
6110,73
6111,63
6112,45.5
6113,42
6114,42
6115,41.5
6116,42
6117,10.5
6118,31.5
6119,42
6120,31
6121,38
6122,21
6123,63
6124,42
6125,31
6126,54
6127,31.5
6128,51
6129,62.5
6130,52.5
6131,60.5
6132,42
6133,21
6134,20.5
6135,42
6136,10.5
6137,42
6138,52.5
6139,61.5
6140,41.5
6141,39
6142,23.5
6143,37.5
6144,50.5
6145,41.5
6146,21
6147,31.5
6148,43.5
6149,20.5
6150,31.5
6151,52.5
6152,31.5
6153,62.5
6154,21
6155,52.5
6156,21
6157,12.5
6158,63
6159,31
6160,21
6161,52
6162,63
6163,10
6164,35
6165,31.5
6166,20.5
6167,73
6168,59
6169,42
6170,52.5
6171,52
6172,41.5
6173,31.5
6174,10.5
6175,21
6176,31.5
6177,49
6178,72.5
6179,64.5
6180,31
6181,52.5
6182,41.5
6183,33.5
6184,21
6185,31.5
6186,34.5
6187,41.5
6188,41.5
6189,10.5
6190,52
6191,44
6192,42
6193,41.5
6194,31.5
6195,49.5
6196,31.5
6197,21
6198,73.5
6199,52.5
6200,91
6201,31.5
6202,18
6203,44
6204,0
6205,41.5
6206,42
6207,31
6208,55
6209,42
6210,52.5
6211,63
6212,63
6213,65
6214,32
6215,31.5
6216,53.5
6217,63
6218,52.5
6219,22
6220,52.5
6221,31.5
6222,42
6223,63
6224,42
6225,31.5
6226,41.5
6227,73.5
6228,21
6229,62.5
6230,41.5
6231,42
6232,10.5
6233,52
6234,27.5
6235,10.5
6236,72.5
6237,41.5
6238,54.5
6239,10
6240,21
6241,21
6242,52.5
6243,29
6244,42
6245,41.5
6246,42
6247,31.5
6248,42
6249,21
6250,63
6251,31.5
6252,31.5
6253,62.5
6254,31.5
6255,52
6256,31.5
6257,21
6258,10.5
6259,42
6260,33
6261,41.5
6262,31.5
6263,21
6264,44.5
6265,10.5
6266,31.5
6267,33.5
6268,31.5
6269,52.5
6270,41.5
6271,21
6272,73.5
6273,31
6274,28
6275,41.5
6276,28.5
6277,62.5
6278,31
6279,73.5
6280,63
6281,10.5
6282,31
6283,34
6284,21
6285,52.5
6286,21
6287,31.5
6288,31.5
6289,42
6290,31
6291,42
6292,49.5
6293,12.5
6294,21
6295,21
6296,61.5
6297,42
6298,60.5
6299,10.5
6300,21
6301,31.5
6302,73.5
6303,42
6304,42
6305,21
6306,31.5
6307,20.5
6308,63
6309,31.5
6310,20.5
6311,41.5
6312,31.5
6313,31.5
6314,42
6315,31.5
6316,51.5
6317,52
6318,31.5
6319,42
6320,29.5
6321,62.5
6322,63
6323,52.5
6324,41.5
6325,0
6326,62.5
6327,73.5
6328,31.5
6329,63
6330,72.5
6331,31.5
6332,0
6333,52
6334,52.5
6335,10.5
6336,31.5
6337,52
6338,13.5
6339,41.5
6340,21
6341,52.5
6342,62.5
6343,63
6344,20.5
6345,84
6346,73.5
6347,31.5
6348,31.5
6349,31.5
6350,31.5
6351,31.5
6352,42
6353,21
6354,10.5
6355,42
6356,42
6357,96.5
6358,52.5
6359,21
6360,62.5
6361,63
6362,42
6363,63
6364,31.5
6365,21
6366,52.5
6367,31.5
6368,42
6369,31.5
6370,31.5
6371,53
6372,20.5
6373,52.5
6374,10.5
6375,52.5
6376,52.5
6377,59.5
6378,42
6379,52.5
6380,10.5
6381,52.5
6382,52.5
6383,52.5
6384,52.5
6385,52.5
6386,41.5
6387,52.5
6388,42
6389,21
6390,31.5
6391,31
6392,42
6393,21
6394,31.5
6395,52.5
6396,10.5
6397,52.5
6398,52.5
6399,10.5
6400,52.5
6401,21
6402,73.5
6403,42
6404,83
6405,42
6406,23
6407,54.5
6408,21
6409,21
6410,61.5
6411,42
6412,31
6413,31.5
6414,21
6415,52.5
6416,31.5
6417,42
6418,21
6419,42
6420,30.5
6421,51.5
6422,21
6423,73.5
6424,52.5
6425,63
6426,42
6427,31.5
6428,31.5
6429,62.5
6430,21
6431,21
6432,52.5
6433,52.5
6434,31.5
6435,84
6436,10.5
6437,42
6438,42
6439,21
6440,52.5
6441,44
6442,21
6443,31.5
6444,62
6445,0
6446,42
6447,42
6448,31
6449,21
6450,21
6451,21
6452,52
6453,31.5
6454,31.5
6455,31.5
6456,41.5
6457,10.5
6458,21
6459,47.5
6460,31
6461,21
6462,31
6463,50
6464,42
6465,10.5
6466,31.5
6467,44
6468,42
6469,42
6470,31.5
6471,50.5
6472,63
6473,21
6474,21
6475,42
6476,63
6477,42
6478,42
6479,51.5
6480,31.5
6481,63
6482,21
6483,52
6484,42
6485,42
6486,31.5
6487,31.5
6488,52.5
6489,52.5
6490,41.5
6491,63
6492,21
6493,31.5
6494,63
6495,52.5
6496,21
6497,73.5
6498,53
6499,37.5
6500,31.5
6501,21
6502,23
6503,0
6504,42
6505,42
6506,60
6507,62.5
6508,31.5
6509,30
6510,63
6511,29
6512,31.5
6513,31.5
6514,41.5
6515,10.5
6516,63
6517,83.5
6518,73.5
6519,52.5
6520,51
6521,30.5
6522,21
6523,33.5
6524,10.5
6525,31.5
6526,21
6527,10.5
6528,10.5
6529,42
6530,42
6531,42
6532,12.5
6533,31.5
6534,31
6535,31
6536,31.5
6537,31.5
6538,83.5
6539,42
6540,30
6541,31
6542,73.5
6543,40.5
6544,30.5
6545,63
6546,31
6547,31.5
6548,10.5
6549,52.5
6550,41.5
6551,42
6552,31.5
6553,52.5
6554,25
6555,0
6556,73.5
6557,31.5
6558,41.5
6559,60.5
6560,31.5
6561,31
6562,66.5
6563,63
6564,62.5
6565,20.5
6566,0
6567,41.5
6568,31.5
6569,21
6570,50
6571,31.5
6572,23.5
6573,21
6574,44
6575,50
6576,73.5
6577,31.5
6578,61.5
6579,52.5
6580,21
6581,83
6582,21
6583,41.5
6584,21
6585,31.5
6586,10.5
6587,52.5
6588,20.5
6589,21
6590,42
6591,31.5
6592,62
6593,64.5
6594,42
6595,31
6596,13.5
6597,28.5
6598,52.5
6599,73
6600,55.5
6601,62.5
6602,31.5
6603,31.5
6604,42
6605,31.5
6606,72.5
6607,63
6608,40
6609,52.5
6610,50
6611,21
6612,52
6613,33.5
6614,42
6615,52.5
6616,43
6617,63
6618,62.5
6619,29.5
6620,21.5
6621,42
6622,84
6623,44
6624,31.5
6625,12
6626,52.5
6627,30
6628,21.5
6629,21
6630,21
6631,21
6632,52.5
6633,31
6634,31
6635,42
6636,21
6637,52.5
6638,29
6639,20.5
6640,30.5
6641,52.5
6642,51.5
6643,72.5
6644,42
6645,41.5
6646,9
6647,51.5
6648,52.5
6649,29
6650,21
6651,41
6652,41.5
6653,52.5
6654,51
6655,21
6656,52
6657,20.5
6658,21
6659,52
6660,41.5
6661,42
6662,51
6663,31.5
6664,42
6665,42
6666,31.5
6667,21
6668,52.5
6669,13.5
6670,71.5
6671,62.5
6672,40
6673,63
6674,20.5
6675,10.5
6676,51.5
6677,31
6678,52.5
6679,73.5
6680,83.5
6681,52.5
6682,52
6683,21
6684,39.5
6685,41
6686,10.5
6687,41.5
6688,61.5
6689,42
6690,21
6691,52.5
6692,21
6693,18
6694,0
6695,15.5
6696,31.5
6697,21
6698,41.5
6699,31.5
6700,31.5
6701,62
6702,62.5
6703,34.5
6704,10.5
6705,62
6706,52
6707,63
6708,38
6709,31.5
6710,90
6711,62.5
6712,62.5
6713,52.5
6714,31.5
6715,52
6716,63
6717,88.5
6718,38.5
6719,41.5
6720,30
6721,31
6722,10
6723,10.5
6724,20.5
6725,21
6726,31.5
6727,70.5
6728,52.5
6729,20
6730,21
6731,31.5
6732,52.5
6733,24.5
6734,42
6735,76.5
6736,21
6737,31.5
6738,52
6739,30.5
6740,39.5
6741,73.5
6742,61.5
6743,52.5
6744,21
6745,0
6746,52
6747,51.5
6748,49
6749,42
6750,41.5
6751,11
6752,50
6753,29.5
6754,60.5
6755,31.5
6756,52.5
6757,59.5
6758,10.5
6759,10.5
6760,30.5
6761,10.5
6762,52.5
6763,43.5
6764,52
6765,31
6766,31.5
6767,41.5
6768,41
6769,73.5
6770,21
6771,21
6772,31.5
6773,41
6774,31.5
6775,50
6776,31
6777,41.5
6778,20.5
6779,52.5
6780,41.5
6781,21
6782,42
6783,41
6784,42
6785,21
6786,41
6787,31.5
6788,31.5
6789,31
6790,21
6791,52.5
6792,20.5
6793,10.5
6794,42
6795,41
6796,73.5
6797,31.5
6798,60.5
6799,10.5
6800,73
6801,0
6802,73
6803,21
6804,42
6805,52
6806,10.5
6807,52
6808,39.5
6809,31.5
6810,21
6811,52.5
6812,42
6813,20.5
6814,65
6815,31.5
6816,31.5
6817,31
6818,31.5
6819,41.5
6820,31.5
6821,42
6822,71
6823,31
6824,31.5
6825,42
6826,42
6827,73
6828,22
6829,42
6830,20.5
6831,63
6832,50.5
6833,62
6834,52
6835,21
6836,83.5
6837,31.5
6838,31.5
6839,10.5
6840,73
6841,23
6842,20.5
6843,53.5
6844,52.5
6845,52
6846,61
6847,41
6848,51
6849,42
6850,20.5
6851,42
6852,21
6853,21
6854,18.5
6855,39
6856,41.5
6857,74.5
6858,39
6859,42
6860,42
6861,21
6862,63
6863,20
6864,62.5
6865,65
6866,31.5
6867,42
6868,42.5
6869,31.5
6870,84
6871,41.5
6872,52.5
6873,43
6874,10.5
6875,31.5
6876,41.5
6877,10.5
6878,10.5
6879,42
6880,31.5
6881,52.5
6882,30.5
6883,31.5
6884,31.5
6885,52.5
6886,52.5
6887,31.5
6888,83.5
6889,48.5
6890,66
6891,29.5
6892,51
6893,10
6894,20.5
6895,61
6896,34.5
6897,10.5
6898,10.5
6899,10.5
6900,10.5
6901,10.5
6902,51.5
6903,52
6904,63
6905,10.5
6906,42
6907,52.5
6908,10.5
6909,69.5
6910,42
6911,73.5
6912,31.5
6913,84
6914,10.5
6915,42
6916,72.5
6917,31
6918,41.5
6919,42
6920,73
6921,52.5
6922,53
6923,21
6924,31
6925,0
6926,20.5
6927,31.5
6928,10.5
6929,31.5
6930,52.5
6931,21
6932,52.5
6933,32
6934,31
6935,42
6936,42
6937,31.5
6938,62.5
6939,51.5
6940,73
6941,83
6942,93.5
6943,31.5
6944,51.5
6945,0.5
6946,52.5
6947,52.5
6948,73.5
6949,33.5
6950,30
6951,41.5
6952,31
6953,21
6954,41.5
6955,31
6956,21
6957,41
6958,21
6959,52
6960,104
6961,52.5
6962,31
6963,42
6964,10.5
6965,10
6966,10.5
6967,83.5
6968,0
6969,31.5
6970,53
6971,42
6972,31.5
6973,51
6974,52.5
6975,42
6976,41.5
6977,42
6978,52
6979,31.5
6980,73.5
6981,41.5
6982,52
6983,10.5
6984,20.5
6985,52.5
6986,52.5
6987,21
6988,10.5
6989,73.5
6990,41.5
6991,31.5
6992,41.5
6993,72.5
6994,10.5
6995,51
6996,52.5
6997,21
6998,63
6999,42
7000,45
7001,73
7002,52
7003,84
7004,21
7005,31.5
7006,31.5
7007,42
7008,39
7009,52.5
7010,29
7011,52.5
7012,42
7013,52.5
7014,30
7015,73
7016,0
7017,52.5
7018,41.5
7019,51
7020,63
7021,51.5
7022,31.5
7023,20.5
7024,31.5
7025,52
7026,10.5
7027,31
7028,21.5
7029,31.5
7030,62.5
7031,18
7032,31.5
7033,31.5
7034,31.5
7035,10.5
7036,52
7037,21
7038,42
7039,31
7040,52.5
7041,51
7042,31
7043,31.5
7044,10.5
7045,10.5
7046,10.5
7047,10.5
7048,42
7049,52
7050,41.5
7051,62.5
7052,41.5
7053,63
7054,52.5
7055,21
7056,31.5
7057,52.5
7058,22.5
7059,10.5
7060,31
7061,62.5
7062,31
7063,30
7064,63
7065,20.5
7066,31
7067,65
7068,31
7069,31.5
7070,42
7071,42
7072,0
7073,20.5
7074,31.5
7075,10.5
7076,20.5
7077,31.5
7078,41.5
7079,42
7080,72.5
7081,0.5
7082,41
7083,31.5
7084,42
7085,73.5
7086,73
7087,53
7088,51.5
7089,31.5
7090,31.5
7091,38.5
7092,21.5
7093,20.5
7094,52
7095,52.5
7096,42
7097,41.5
7098,42
7099,10.5
7100,0
7101,10.5
7102,51.5
7103,31.5
7104,0
7105,42
7106,42
7107,52.5
7108,30.5
7109,52.5
7110,52
7111,41.5
7112,42
7113,42
7114,52.5
7115,63
7116,52
7117,42
7118,29.5
7119,42
7120,63.5
7121,10.5
7122,21
7123,42
7124,34.5
7125,62.5
7126,52
7127,42
7128,42
7129,31.5
7130,31.5
7131,21
7132,51
7133,42
7134,62
7135,21
7136,52
7137,34.5
7138,31.5
7139,64.5
7140,52
7141,42
7142,42
7143,31.5
7144,21
7145,62
7146,41.5
7147,71
7148,31.5
7149,20.5
7150,52.5
7151,9
7152,20.5
7153,70
7154,41
7155,62.5
7156,72.5
7157,42
7158,41.5
7159,41.5
7160,14.5
7161,31.5
7162,63
7163,20.5
7164,41.5
7165,52.5
7166,51.5
7167,21
7168,52.5
7169,42
7170,31.5
7171,31.5
7172,63
7173,23
7174,70.5
7175,41
7176,21
7177,21
7178,21
7179,31
7180,42
7181,10.5
7182,21
7183,38.5
7184,31.5
7185,52.5
7186,62
7187,63
7188,32
7189,41.5
7190,0
7191,41.5
7192,30.5
7193,52
7194,42
7195,63
7196,52.5
7197,62.5
7198,51
7199,72.5
7200,0
7201,60.5
7202,20
7203,21
7204,18.5
7205,31
7206,63
7207,10.5
7208,72.5
7209,31
7210,42
7211,52.5
7212,21
7213,21
7214,41.5
7215,62.5
7216,52.5
7217,21
7218,42
7219,52
7220,21
7221,73.5
7222,52
7223,10.5
7224,84
7225,10.5
7226,21
7227,52.5
7228,21
7229,10.5
7230,63
7231,21
7232,29
7233,31.5
7234,10.5
7235,10.5
7236,52.5
7237,42.5
7238,21
7239,21
7240,21
7241,42
7242,52
7243,30
7244,73
7245,52.5
7246,10.5
7247,0
7248,73.5
7249,31.5
7250,31.5
7251,31.5
7252,42
7253,20.5
7254,73
7255,42
7256,21
7257,21
7258,52
7259,31.5
7260,73.5
7261,83.5
7262,31.5
7263,42
7264,42
7265,62
7266,21
7267,21
7268,41.5
7269,62.5
7270,0
7271,52.5
7272,33.5
7273,31.5
7274,31.5
7275,31
7276,51
7277,30.5
7278,19
7279,73
7280,52.5
7281,31.5
7282,42
7283,31.5
7284,52.5
7285,52.5
7286,52.5
7287,20.5
7288,52
7289,42
7290,10.5
7291,52.5
7292,42
7293,31.5
7294,31
7295,39.5
7296,31.5
7297,52
7298,42
7299,10.5
7300,62.5
7301,10.5
7302,63
7303,84
7304,42
7305,21
7306,21
7307,21
7308,41.5
7309,41.5
7310,31.5
7311,31.5
7312,52
7313,62.5
7314,34.5
7315,31.5
7316,42
7317,21
7318,31.5
7319,10.5
7320,62.5
7321,31.5
7322,41.5
7323,21
7324,39.5
7325,52.5
7326,20
7327,21
7328,21
7329,63
7330,31.5
7331,21
7332,72.5
7333,52
7334,42
7335,42
7336,62
7337,31.5
7338,75.5
7339,24.5
7340,10.5
7341,52.5
7342,41.5
7343,10.5
7344,21
7345,42
7346,52.5
7347,0
7348,52.5
7349,114.5
7350,21
7351,52.5
7352,31.5
7353,31
7354,52
7355,21
7356,21
7357,52
7358,52.5
7359,42
7360,31.5
7361,73
7362,52
7363,42
7364,63
7365,10.5
7366,21
7367,62.5
7368,62.5
7369,41.5
7370,52.5
7371,44
7372,52
7373,62.5
7374,42
7375,52.5
7376,31.5
7377,42
7378,52.5
7379,41.5
7380,41.5
7381,63
7382,31.5
7383,34.5
7384,24
7385,52.5
7386,31
7387,82
7388,31.5
7389,50.5
7390,22.5
7391,31.5
7392,41
7393,31.5
7394,42
7395,31
7396,20.5
7397,42
7398,31
7399,42
7400,12.5
7401,42
7402,42
7403,31.5
7404,52
7405,21
7406,19
7407,21
7408,31.5
7409,31
7410,31.5
7411,63
7412,23
7413,34
7414,10
7415,21
7416,31
7417,41
7418,0
7419,31.5
7420,21
7421,42
7422,50.5
7423,42
7424,62.5
7425,10
7426,42
7427,42
7428,10.5
7429,21
7430,52
7431,10.5
7432,20.5
7433,34
7434,41
7435,21
7436,31.5
7437,31.5
7438,51.5
7439,42
7440,21
7441,31.5
7442,73.5
7443,62.5
7444,73.5
7445,52.5
7446,52.5
7447,54
7448,62
7449,31.5
7450,72.5
7451,52.5
7452,42
7453,41.5
7454,10.5
7455,51
7456,30.5
7457,49
7458,21
7459,52.5
7460,52
7461,21
7462,80.5
7463,63
7464,21
7465,10.5
7466,43
7467,42
7468,52.5
7469,62
7470,30.5
7471,39
7472,10.5
7473,21
7474,41.5
7475,10.5
7476,41.5
7477,52.5
7478,20.5
7479,73
7480,42
7481,10.5
7482,21
7483,72.5
7484,41.5
7485,41.5
7486,63
7487,42
7488,10.5
7489,31.5
7490,65
7491,41.5
7492,42
7493,29
7494,62.5
7495,31.5
7496,21
7497,62.5
7498,42
7499,10.5
7500,21
7501,30
7502,31.5
7503,0
7504,21
7505,31
7506,31.5
7507,52.5
7508,72.5
7509,73.5
7510,52.5
7511,21
7512,21
7513,21
7514,73
7515,50
7516,73.5
7517,31.5
7518,51.5
7519,41.5
7520,21
7521,42
7522,52.5
7523,31
7524,41.5
7525,31.5
7526,20.5
7527,21
7528,55
7529,52.5
7530,31.5
7531,42
7532,84
7533,51.5
7534,21
7535,52
7536,74
7537,67
7538,51
7539,21
7540,52.5
7541,83
7542,31.5
7543,41.5
7544,21
7545,42
7546,31.5
7547,42
7548,62
7549,31.5
7550,20.5
7551,83.5
7552,20.5
7553,10.5
7554,30
7555,83.5
7556,52.5
7557,31.5
7558,10.5
7559,21
7560,86
7561,31
7562,10
7563,41.5
7564,31
7565,30
7566,41
7567,10.5
7568,10.5
7569,60
7570,31
7571,10.5
7572,21
7573,41.5
7574,10
7575,62.5
7576,42
7577,31
7578,52.5
7579,42.5
7580,30.5
7581,31.5
7582,10.5
7583,21
7584,61.5
7585,62
7586,10
7587,52.5
7588,21
7589,62
7590,42
7591,21.5
7592,52
7593,10.5
7594,50.5
7595,51
7596,19.5
7597,31
7598,62.5
7599,62.5
7600,42
7601,20.5
7602,66
7603,42
7604,31.5
7605,10.5
7606,62.5
7607,53
7608,52.5
7609,42
7610,31
7611,62.5
7612,42
7613,42
7614,42.5
7615,21
7616,41.5
7617,52.5
7618,62
7619,52.5
7620,42
7621,41
7622,42.5
7623,52.5
7624,52
7625,62.5
7626,51.5
7627,45
7628,39.5
7629,31
7630,10.5
7631,42
7632,42
7633,93.5
7634,31.5
7635,27.5
7636,42
7637,31
7638,21
7639,31
7640,42
7641,63
7642,42
7643,31.5
7644,63
7645,31.5
7646,63
7647,21
7648,52
7649,27.5
7650,52.5
7651,20.5
7652,31
7653,10.5
7654,83.5
7655,94
7656,10.5
7657,31.5
7658,42.5
7659,51.5
7660,21
7661,52
7662,31.5
7663,21
7664,60.5
7665,31.5
7666,10.5
7667,21
7668,31.5
7669,52
7670,30
7671,54
7672,31.5
7673,93.5
7674,51.5
7675,31
7676,42
7677,49.5
7678,73
7679,72.5
7680,41.5
7681,42
7682,76
7683,62.5
7684,42
7685,21
7686,72
7687,73
7688,10.5
7689,52
7690,42
7691,31.5
7692,31
7693,41
7694,31.5
7695,31
7696,42
7697,52
7698,42
7699,21
7700,31.5
7701,31
7702,28
7703,20
7704,0
7705,31.5
7706,42
7707,21
7708,62.5
7709,40.5
7710,31.5
7711,31.5
7712,21
7713,31.5
7714,21
7715,31.5
7716,42
7717,63
7718,42
7719,50
7720,41.5
7721,31.5
7722,21
7723,44
7724,21
7725,10.5
7726,42
7727,31.5
7728,25
7729,31
7730,21
7731,21
7732,41.5
7733,52.5
7734,31
7735,52.5
7736,41.5
7737,31
7738,93.5
7739,41.5
7740,31.5
7741,42
7742,42
7743,30.5
7744,62.5
7745,31.5
7746,30.5
7747,31.5
7748,31.5
7749,87.5
7750,52.5
7751,41.5
7752,21
7753,51.5
7754,44
7755,63
7756,42
7757,31.5
7758,41.5
7759,41.5
7760,83
7761,62.5
7762,84
7763,42
7764,61
7765,42
7766,42.5
7767,31.5
7768,31.5
7769,54.5
7770,31.5
7771,42
7772,31.5
7773,41.5
7774,52
7775,58.5
7776,31
7777,50
7778,31.5
7779,11
7780,21.5
7781,21
7782,52.5
7783,31
7784,31
7785,30.5
7786,10.5
7787,21
7788,21
7789,21
7790,31
7791,23.5
7792,42
7793,42
7794,84
7795,63
7796,51.5
7797,42.5
7798,49.5
7799,52.5
7800,52
7801,10.5
7802,42
7803,31.5
7804,52
7805,31.5
7806,42
7807,52.5
7808,50
7809,10.5
7810,51.5
7811,41
7812,42
7813,52
7814,31
7815,31.5
7816,52
7817,52.5
7818,20.5
7819,73.5
7820,94.5
7821,31
7822,31
7823,51.5
7824,21
7825,0
7826,31.5
7827,42
7828,42
7829,41.5
7830,34.5
7831,41
7832,0
7833,62
7834,41
7835,33.5
7836,42
7837,10
7838,63
7839,10.5
7840,31
7841,40.5
7842,51.5
7843,10.5
7844,31.5
7845,0
7846,42
7847,10.5
7848,62
7849,0
7850,42.5
7851,52.5
7852,63
7853,44
7854,53
7855,52.5
7856,21
7857,30
7858,83.5
7859,21
7860,31.5
7861,31
7862,52
7863,21
7864,31.5
7865,41.5
7866,31.5
7867,10.5
7868,31.5
7869,73.5
7870,31.5
7871,42
7872,20.5
7873,20
7874,31.5
7875,21
7876,52.5
7877,21
7878,31.5
7879,42
7880,52.5
7881,52
7882,40.5
7883,31.5
7884,31.5
7885,63
7886,20
7887,21
7888,40.5
7889,34.5
7890,41.5
7891,31.5
7892,31.5
7893,23
7894,40.5
7895,51.5
7896,73.5
7897,82.5
7898,31
7899,52
7900,84.5
7901,42
7902,73.5
7903,42
7904,31
7905,42
7906,63
7907,41.5
7908,40
7909,21
7910,31
7911,21
7912,54.5
7913,31.5
7914,21
7915,52.5
7916,0
7917,31.5
7918,41
7919,31.5
7920,49
7921,52.5
7922,40.5
7923,21
7924,30
7925,31.5
7926,18.5
7927,62.5
7928,52.5
7929,52.5
7930,62
7931,41
7932,21
7933,31.5
7934,42
7935,73
7936,60.5
7937,64.5
7938,52.5
7939,42
7940,42
7941,21
7942,48.5
7943,42
7944,42.5
7945,31.5
7946,42
7947,42
7948,31.5
7949,21
7950,21
7951,21
7952,44
7953,31.5
7954,52.5
7955,31.5
7956,52.5
7957,52.5
7958,52.5
7959,41.5
7960,42
7961,21
7962,65.5
7963,41.5
7964,75.5
7965,94.5
7966,41.5
7967,73.5
7968,21
7969,31.5
7970,73.5
7971,62.5
7972,31.5
7973,60.5
7974,41.5
7975,63
7976,10.5
7977,30.5
7978,31.5
7979,62.5
7980,52.5
7981,39.5
7982,52
7983,52.5
7984,42
7985,21
7986,21
7987,31.5
7988,52.5
7989,31.5
7990,42
7991,41.5
7992,35
7993,55
7994,63
7995,31.5
7996,62.5
7997,31.5
7998,38
7999,42.5
8000,31.5
8001,10.5
8002,52.5
8003,27
8004,51
8005,61
8006,42
8007,41.5
8008,21
8009,49
8010,73.5
8011,21
8012,63
8013,52.5
8014,21
8015,21
8016,52
8017,10.5
8018,52.5
8019,42
8020,63
8021,31.5
8022,52
8023,63
8024,31
8025,31.5
8026,31.5
8027,31
8028,31.5
8029,42
8030,42
8031,42
8032,52.5
8033,84
8034,41.5
8035,21
8036,73.5
8037,31
8038,63
8039,61.5
8040,62.5
8041,21
8042,50
8043,52.5
8044,31.5
8045,72.5
8046,42
8047,42
8048,52
8049,10.5
8050,41.5
8051,42
8052,31
8053,42.5
8054,21
8055,62.5
8056,31.5
8057,42
8058,31.5
8059,33.5
8060,10.5
8061,21
8062,10.5
8063,52.5
8064,52.5
8065,20.5
8066,31.5
8067,21
8068,62
8069,42
8070,52.5
8071,31.5
8072,52.5
8073,42
8074,31.5
8075,31.5
8076,52.5
8077,42
8078,31.5
8079,52.5
8080,42
8081,31.5
8082,31.5
8083,62.5
8084,10.5
8085,31.5
8086,31.5
8087,52.5
8088,42
8089,52.5
8090,53
8091,31.5
8092,41.5
8093,31.5
8094,42
8095,42
8096,81
8097,42
8098,52.5
8099,39.5
8100,52.5
8101,42
8102,30.5
8103,52
8104,51.5
8105,21
8106,31.5
8107,52.5
8108,31.5
8109,30
8110,0
8111,21
8112,21
8113,31.5
8114,21
8115,21
8116,44
8117,52.5
8118,20.5
8119,41.5
8120,42
8121,42
8122,41.5
8123,49.5
8124,21
8125,73
8126,10.5
8127,50
8128,41.5
8129,20.5
8130,31.5
8131,42
8132,73.5
8133,21
8134,52.5
8135,49.5
8136,42
8137,21
8138,41.5
8139,42
8140,63
8141,21
8142,63
8143,52
8144,28
8145,42
8146,42
8147,63
8148,20.5
8149,20.5
8150,31.5
8151,44.5
8152,31.5
8153,63
8154,30.5
8155,42
8156,21
8157,62.5
8158,31
8159,31.5
8160,42
8161,0
8162,42
8163,31.5
8164,42
8165,30.5
8166,31.5
8167,28.5
8168,10.5
8169,73
8170,45.5
8171,52
8172,42
8173,52.5
8174,42
8175,52.5
8176,32.5
8177,21
8178,42
8179,52.5
8180,73.5
8181,52.5
8182,94.5
8183,21
8184,31
8185,22.5
8186,21
8187,52.5
8188,73
8189,21
8190,21
8191,61
8192,41.5
8193,52.5
8194,42
8195,21
8196,30
8197,52
8198,10.5
8199,10.5
8200,31.5
8201,52
8202,10.5
8203,10.5
8204,10
8205,21.5
8206,31
8207,42
8208,42
8209,42
8210,63
8211,21
8212,21
8213,63.5
8214,41.5
8215,52.5
8216,33.5
8217,31.5
8218,31.5
8219,63
8220,93.5
8221,42
8222,41.5
8223,30.5
8224,31.5
8225,33.5
8226,73.5
8227,10.5
8228,31.5
8229,10.5
8230,44
8231,31
8232,31.5
8233,73.5
8234,93
8235,21
8236,42
8237,31.5
8238,51.5
8239,52.5
8240,42
8241,94.5
8242,21
8243,73.5
8244,42
8245,42
8246,10
8247,31.5
8248,42
8249,42
8250,31.5
8251,31.5
8252,52.5
8253,73.5
8254,21
8255,10.5
8256,73.5
8257,30.5
8258,73
8259,31.5
8260,10.5
8261,63
8262,62.5
8263,0
8264,63
8265,31
8266,52
8267,31.5
8268,42
8269,31.5
8270,21
8271,31
8272,41.5
8273,52.5
8274,42
8275,20.5
8276,62.5
8277,21
8278,42
8279,31
8280,31.5
8281,26.5
8282,10.5
8283,31
8284,54.5
8285,73.5
8286,42
8287,52.5
8288,42
8289,62.5
8290,21
8291,41
8292,63
8293,21
8294,31.5
8295,63
8296,10.5
8297,42
8298,52
8299,31.5
8300,42
8301,51
8302,42
8303,73.5
8304,20
8305,23
8306,21
8307,42
8308,41.5
8309,31.5
8310,42
8311,42
8312,82.5
8313,10.5
8314,52
8315,42
8316,26
8317,52.5
8318,62.5
8319,63
8320,52
8321,52.5
8322,31
8323,62
8324,42
8325,10.5
8326,31
8327,52.5
8328,31.5
8329,31.5
8330,21
8331,73.5
8332,31
8333,31.5
8334,31.5
8335,31.5
8336,31.5
8337,52.5
8338,21
8339,42
8340,63
8341,62.5
8342,21
8343,31.5
8344,73.5
8345,21
8346,52.5
8347,0
8348,21
8349,10.5
8350,52.5
8351,73.5
8352,83.5
8353,42
8354,10.5
8355,21
8356,31.5
8357,31.5
8358,31.5
8359,52
8360,52.5
8361,42
8362,42
8363,63
8364,10.5
8365,31.5
8366,62
8367,21
8368,41.5
8369,63
8370,31.5
8371,84
8372,42
8373,52.5
8374,42
8375,21
8376,73.5
8377,52.5
8378,52
8379,42
8380,63
8381,73.5
8382,52.5
8383,10.5
8384,31.5
8385,73
8386,63
8387,42
8388,31.5
8389,21
8390,0
8391,52.5
8392,59
8393,10.5
8394,21
8395,42
8396,52.5
8397,41.5
8398,21
8399,42
8400,52.5
8401,21
8402,62.5
8403,21
8404,28.5
8405,42
8406,52.5
8407,10.5
8408,31.5
8409,21
8410,42
8411,31.5
8412,52.5
8413,73
8414,31.5
8415,27.5
8416,31
8417,62.5
8418,73
8419,54.5
8420,63
8421,31.5
8422,21
8423,42
8424,62.5
8425,73.5
8426,31
8427,31.5
8428,52.5
8429,31.5
8430,41.5
8431,31.5
8432,21
8433,31.5
8434,52.5
8435,21
8436,10.5
8437,42
8438,21
8439,63
8440,84
8441,73.5
8442,21
8443,42
8444,42
8445,0
8446,54.5
8447,52.5
8448,31.5
8449,10.5
8450,33.5
8451,21
8452,94
8453,33.5
8454,31.5
8455,42
8456,34
8457,21
8458,21
8459,31.5
8460,42
8461,63
8462,84
8463,73
8464,52.5
8465,52.5
8466,63
8467,63
8468,21.5
8469,51.5
8470,23
8471,73.5
8472,52
8473,42
8474,62.5
8475,73.5
8476,33.5
8477,21
8478,0
8479,84
8480,52
8481,22
8482,31.5
8483,31.5
8484,52.5
8485,73.5
8486,31.5
8487,31.5
8488,44
8489,50
8490,23
8491,41.5
8492,31
8493,31.5
8494,52.5
8495,63
8496,42
8497,23
8498,41.5
8499,21
8500,52
8501,52.5
8502,52.5
8503,39
8504,73
8505,44
8506,52.5
8507,52.5
8508,31.5
8509,21
8510,52.5
8511,42
8512,52.5
8513,42
8514,73
8515,31
8516,31.5
8517,52.5
8518,52.5
8519,42
8520,42
8521,41.5
8522,94.5
8523,31.5
8524,63
8525,21
8526,18.5
8527,10.5
8528,73.5
8529,52.5
8530,42
8531,21
8532,31.5
8533,31.5
8534,42
8535,31.5
8536,10.5
8537,21
8538,31.5
8539,42
8540,52.5
8541,73.5
8542,42
8543,10
8544,52.5
8545,21
8546,10.5
8547,60
8548,0
8549,31.5
8550,62.5
8551,84
8552,21
8553,42
8554,31.5
8555,42
8556,52.5
8557,52.5
8558,42
8559,42
8560,52.5
8561,41.5
8562,62.5
8563,52.5
8564,31.5
8565,73.5
8566,34.5
8567,84
8568,31.5
8569,31.5
8570,52.5
8571,33.5
8572,10.5
8573,51
8574,52
8575,52.5
8576,21
8577,42
8578,21
8579,52
8580,31.5
8581,31.5
8582,73.5
8583,23
8584,63
8585,42
8586,31
8587,31
8588,41.5
8589,49.5
8590,52.5
8591,21
8592,42
8593,62
8594,21
8595,73
8596,63
8597,62.5
8598,52.5
8599,42
8600,42
8601,63
8602,50.5
8603,9.5
8604,31.5
8605,10.5
8606,42
8607,21
8608,52.5
8609,31.5
8610,31.5
8611,31.5
8612,31
8613,41.5
8614,10.5
8615,52.5
8616,31.5
8617,52.5
8618,10.5
8619,31.5
8620,62.5
8621,31.5
8622,61
8623,42
8624,42
8625,65
8626,30.5
8627,52.5
8628,41
8629,64.5
8630,52.5
8631,31.5
8632,21
8633,45
8634,31.5
8635,62.5
8636,31.5
8637,84
8638,40.5
8639,52.5
8640,33.5
8641,83
8642,42
8643,42
8644,31
8645,10.5
8646,42
8647,33.5
8648,31.5
8649,51
8650,21
8651,52.5
8652,30
8653,24
8654,39
8655,31.5
8656,42
8657,52
8658,10.5
8659,52
8660,21
8661,41
8662,31.5
8663,52.5
8664,0
8665,10.5
8666,52.5
8667,42
8668,31
8669,62.5
8670,21
8671,63
8672,42
8673,71.5
8674,20
8675,73.5
8676,42
8677,42
8678,23
8679,31.5
8680,31.5
8681,31
8682,41.5
8683,42
8684,31
8685,42
8686,31
8687,42
8688,41.5
8689,21
8690,63
8691,12.5
8692,21
8693,10.5
8694,31.5
8695,50
8696,31.5
8697,42
8698,41.5
8699,21
8700,51.5
8701,62.5
8702,52.5
8703,31.5
8704,73.5
8705,31.5
8706,51
8707,63
8708,31.5
8709,21
8710,0
8711,42
8712,42
8713,10.5
8714,51.5
8715,30.5
8716,31
8717,52
8718,31.5
8719,10.5
8720,26.5
8721,42
8722,52.5
8723,44
8724,21
8725,33.5
8726,51.5
8727,31.5
8728,21
8729,52.5
8730,7.5
8731,52.5
8732,39
8733,31.5
8734,52.5
8735,52
8736,21
8737,52.5
8738,31.5
8739,31
8740,63
8741,10.5
8742,21
8743,41.5
8744,31.5
8745,20.5
8746,30.5
8747,20.5
8748,21
8749,52.5
8750,52.5
8751,31
8752,52.5
8753,52.5
8754,72
8755,30.5
8756,41.5
8757,73.5
8758,93
8759,72.5
8760,31
8761,21
8762,52
8763,48.5
8764,31.5
8765,52
8766,10.5
8767,52
8768,31
8769,42
8770,21
8771,31.5
8772,73.5
8773,21
8774,52.5
8775,44
8776,31.5
8777,21
8778,42
8779,52.5
8780,52
8781,42
8782,10.5
8783,31.5
8784,62.5
8785,94
8786,42
8787,50.5
8788,21
8789,30.5
8790,62.5
8791,52.5
8792,52.5
8793,52.5
8794,42
8795,31.5
8796,42
8797,42
8798,21
8799,10.5
8800,62
8801,31
8802,62.5
8803,31.5
8804,62.5
8805,42
8806,21
8807,41.5
8808,63
8809,31.5
8810,42
8811,42
8812,52.5
8813,42
8814,63.5
8815,63
8816,21.5
8817,73
8818,42
8819,21
8820,10.5
8821,21
8822,20
8823,41.5
8824,20.5
8825,21
8826,41
8827,41.5
8828,52
8829,21
8830,73.5
8831,31.5
8832,42
8833,42
8834,10.5
8835,21
8836,52
8837,31.5
8838,42
8839,41.5
8840,10.5
8841,51.5
8842,52.5
8843,73.5
8844,31
8845,63
8846,31.5
8847,42
8848,10.5
8849,10.5
8850,54
8851,42
8852,42
8853,21
8854,42
8855,73
8856,31.5
8857,42
8858,30
8859,31.5
8860,54.5
8861,51.5
8862,31
8863,52.5
8864,31.5
8865,42
8866,42
8867,62.5
8868,42
8869,83.5
8870,40
8871,30.5
8872,31.5
8873,21
8874,20.5
8875,31.5
8876,21
8877,52
8878,63
8879,21
8880,0
8881,42
8882,31.5
8883,42
8884,10.5
8885,42
8886,52
8887,52.5
8888,31.5
8889,73
8890,52.5
8891,85.5
8892,31.5
8893,63
8894,63
8895,42
8896,41.5
8897,52
8898,42
8899,52
8900,41.5
8901,62.5
8902,42
8903,62.5
8904,31.5
8905,52.5
8906,20.5
8907,31
8908,52.5
8909,49
8910,10.5
8911,31.5
8912,41.5
8913,10.5
8914,52.5
8915,52.5
8916,73
8917,0
8918,0
8919,62.5
8920,63
8921,52
8922,21
8923,52.5
8924,70.5
8925,42
8926,21
8927,42
8928,73.5
8929,73.5
8930,84
8931,42
8932,31.5
8933,39.5
8934,21
8935,31.5
8936,31.5
8937,21
8938,42
8939,41.5
8940,63
8941,31.5
8942,52.5
8943,31.5
8944,31
8945,30.5
8946,42
8947,31.5
8948,31.5
8949,41
8950,10.5
8951,31.5
8952,23
8953,73
8954,23
8955,31.5
8956,73.5
8957,21
8958,10.5
8959,51.5
8960,0
8961,31.5
8962,20.5
8963,31.5
8964,52.5
8965,30.5
8966,21
8967,10.5
8968,31.5
8969,21
8970,20
8971,63
8972,21
8973,25.5
8974,31.5
8975,31.5
8976,52.5
8977,42
8978,42
8979,42
8980,21
8981,63
8982,63
8983,31
8984,63
8985,10.5
8986,10.5
8987,10.5
8988,63
8989,52
8990,73.5
8991,42
8992,42
8993,31.5
8994,52
8995,10.5
8996,31
8997,94
8998,62
8999,62
9000,52
9001,31.5
9002,31.5
9003,31.5
9004,31.5
9005,42
9006,83.5
9007,20.5
9008,93.5
9009,21
9010,21
9011,31.5
9012,31
9013,10
9014,41
9015,31.5
9016,63
9017,63
9018,63
9019,52.5
9020,42
9021,42
9022,62.5
9023,21.5
9024,42
9025,39
9026,62.5
9027,41.5
9028,31.5
9029,10.5
9030,62.5
9031,20
9032,34.5
9033,41.5
9034,0
9035,21
9036,41.5
9037,21
9038,31.5
9039,52
9040,21
9041,42
9042,52
9043,52
9044,37.5
9045,94
9046,23
9047,65
9048,42
9049,31.5
9050,21
9051,21
9052,42
9053,31.5
9054,21
9055,65.5
9056,51.5
9057,63
9058,52.5
9059,31.5
9060,41.5
9061,34
9062,52
9063,63
9064,42
9065,52.5
9066,31
9067,41.5
9068,21.5
9069,31
9070,21
9071,76
9072,52.5
9073,70.5
9074,10.5
9075,31.5
9076,31.5
9077,52.5
9078,21
9079,62
9080,73.5
9081,41.5
9082,52
9083,44.5
9084,52.5
9085,21
9086,31.5
9087,115
9088,41.5
9089,21
9090,31.5
9091,20.5
9092,72.5
9093,52.5
9094,42
9095,42
9096,42
9097,51
9098,52.5
9099,21
9100,42
9101,52.5
9102,11
9103,21
9104,52
9105,42
9106,10.5
9107,21
9108,42
9109,10.5
9110,52.5
9111,21
9112,42
9113,67
9114,43
9115,0
9116,42
9117,21
9118,49.5
9119,42
9120,20.5
9121,21
9122,63
9123,41
9124,62
9125,21
9126,21
9127,52.5
9128,31.5
9129,31
9130,24
9131,42
9132,97
9133,63
9134,32
9135,20.5
9136,52
9137,21
9138,52.5
9139,21
9140,63
9141,31
9142,42
9143,43.5
9144,62.5
9145,31.5
9146,30.5
9147,52.5
9148,31.5
9149,75
9150,21
9151,41.5
9152,21
9153,41
9154,10.5
9155,31.5
9156,33
9157,33
9158,63
9159,10.5
9160,63
9161,30.5
9162,52.5
9163,52.5
9164,42
9165,52.5
9166,0
9167,73.5
9168,52
9169,72.5
9170,41.5
9171,31
9172,52
9173,41.5
9174,10
9175,83.5
9176,20.5
9177,51.5
9178,62
9179,42
9180,52.5
9181,20.5
9182,31.5
9183,41.5
9184,44
9185,42
9186,31.5
9187,10.5
9188,62.5
9189,31.5
9190,21
9191,31.5
9192,21
9193,23.5
9194,42
9195,31
9196,31
9197,21
9198,72
9199,41
9200,31.5
9201,53
9202,63
9203,60
9204,31.5
9205,51.5
9206,31.5
9207,63
9208,52
9209,41.5
9210,40.5
9211,42
9212,41.5
9213,55
9214,41.5
9215,10.5
9216,41.5
9217,31.5
9218,31.5
9219,0
9220,31.5
9221,52.5
9222,31.5
9223,20.5
9224,73
9225,42
9226,31.5
9227,52.5
9228,55
9229,31.5
9230,31.5
9231,86
9232,13.5
9233,52.5
9234,31.5
9235,10.5
9236,52
9237,21
9238,73.5
9239,63
9240,41.5
9241,10.5
9242,34
9243,72.5
9244,31.5
9245,42
9246,21
9247,73
9248,42
9249,42
9250,61
9251,62
9252,42
9253,41.5
9254,62.5
9255,21
9256,21.5
9257,21
9258,30.5
9259,52.5
9260,83
9261,63
9262,28.5
9263,31.5
9264,21.5
9265,42
9266,74
9267,63
9268,42
9269,42
9270,39.5
9271,21
9272,10.5
9273,51.5
9274,31.5
9275,42
9276,31
9277,52.5
9278,33.5
9279,21
9280,42.5
9281,20.5
9282,52.5
9283,10.5
9284,31
9285,31.5
9286,52.5
9287,41.5
9288,52.5
9289,31.5
9290,31.5
9291,32
9292,0
9293,50.5
9294,63
9295,63
9296,21
9297,31.5
9298,73.5
9299,31.5
9300,42
9301,31.5
9302,21
9303,39.5
9304,31.5
9305,62.5
9306,10.5
9307,63
9308,40.5
9309,31.5
9310,41
9311,52.5
9312,63
9313,13.5
9314,33.5
9315,43
9316,31
9317,31.5
9318,21
9319,32.5
9320,63
9321,42
9322,52.5
9323,42
9324,61.5
9325,10.5
9326,63
9327,31
9328,31.5
9329,52.5
9330,11
9331,10.5
9332,52.5
9333,42
9334,42
9335,21
9336,52.5
9337,21
9338,31.5
9339,31.5
9340,52.5
9341,41.5
9342,21
9343,21
9344,42
9345,43
9346,30.5
9347,21
9348,53
9349,84
9350,31.5
9351,31
9352,52.5
9353,63
9354,51.5
9355,10.5
9356,10.5
9357,62
9358,21
9359,10.5
9360,10.5
9361,42
9362,93.5
9363,54
9364,51.5
9365,41.5
9366,12.5
9367,21
9368,31.5
9369,31.5
9370,41.5
9371,52.5
9372,42
9373,63
9374,42.5
9375,42
9376,63
9377,42
9378,73
9379,51.5
9380,42
9381,83.5
9382,31.5
9383,52.5
9384,21
9385,42
9386,10.5
9387,52.5
9388,41.5
9389,58.5
9390,52
9391,31.5
9392,31.5
9393,83.5
9394,20.5
9395,63
9396,62.5
9397,31.5
9398,42
9399,0
9400,62
9401,31.5
9402,52.5
9403,62
9404,73.5
9405,31.5
9406,20
9407,31.5
9408,21
9409,51.5
9410,63
9411,42
9412,21
9413,50
9414,32
9415,24.5
9416,41.5
9417,21
9418,10.5
9419,10.5
9420,31.5
9421,66
9422,42
9423,31
9424,29.5
9425,18
9426,52.5
9427,31.5
9428,31.5
9429,33
9430,10.5
9431,31.5
9432,52.5
9433,21.5
9434,52.5
9435,52
9436,10.5
9437,10.5
9438,31.5
9439,31.5
9440,72.5
9441,52.5
9442,62.5
9443,55.5
9444,30.5
9445,53
9446,52
9447,45
9448,31.5
9449,115
9450,21
9451,31.5
9452,31
9453,31.5
9454,42.5
9455,21
9456,31.5
9457,52
9458,21
9459,60
9460,44.5
9461,10.5
9462,41
9463,10.5
9464,10.5
9465,31
9466,21
9467,54
9468,52.5
9469,23
9470,21
9471,63
9472,52.5
9473,31.5
9474,23
9475,52
9476,44
9477,42
9478,63
9479,52
9480,63
9481,42
9482,72
9483,73.5
9484,63
9485,63
9486,13
9487,52.5
9488,42
9489,42
9490,63
9491,21
9492,41.5
9493,73.5
9494,31.5
9495,42
9496,52.5
9497,52.5
9498,55
9499,21
9500,49
9501,21
9502,21
9503,42
9504,23.5
9505,31.5
9506,20.5
9507,42
9508,34.5
9509,31.5
9510,31.5
9511,42
9512,53
9513,42
9514,103.5
9515,31.5
9516,10.5
9517,41
9518,73
9519,42
9520,20.5
9521,52.5
9522,94.5
9523,10
9524,31.5
9525,42
9526,41.5
9527,31
9528,19.5
9529,21
9530,42
9531,21
9532,52
9533,21
9534,0
9535,52
9536,31.5
9537,83.5
9538,52.5
9539,31.5
9540,52
9541,41.5
9542,31.5
9543,23
9544,50.5
9545,62
9546,0
9547,21
9548,31.5
9549,21
9550,42
9551,21
9552,21
9553,52
9554,31
9555,21
9556,21
9557,52.5
9558,52
9559,42
9560,41.5
9561,63
9562,31.5
9563,20.5
9564,62.5
9565,20.5
9566,31
9567,72
9568,21
9569,10.5
9570,21
9571,31
9572,31.5
9573,21
9574,41.5
9575,31
9576,52.5
9577,52.5
9578,41.5
9579,31.5
9580,41.5
9581,52
9582,63
9583,52.5
9584,63
9585,52.5
9586,42
9587,73.5
9588,42
9589,62.5
9590,52
9591,52.5
9592,52
9593,21
9594,53
9595,21
9596,31.5
9597,44
9598,42
9599,63
9600,83.5
9601,42
9602,52
9603,31.5
9604,52.5
9605,10.5
9606,63
9607,23.5
9608,31
9609,20.5
9610,52.5
9611,31.5
9612,21
9613,31.5
9614,62.5
9615,42
9616,31
9617,37
9618,51.5
9619,63
9620,43
9621,21
9622,41
9623,42
9624,42
9625,81
9626,40.5
9627,62
9628,42
9629,52.5
9630,23.5
9631,60.5
9632,10.5
9633,31.5
9634,73
9635,41.5
9636,21
9637,63
9638,41.5
9639,21
9640,83.5
9641,84
9642,60
9643,11
9644,59
9645,52.5
9646,31
9647,8
9648,21
9649,42
9650,55.5
9651,42
9652,63
9653,12
9654,21
9655,15
9656,31.5
9657,52.5
9658,52.5
9659,33.5
9660,39.5
9661,42
9662,20.5
9663,21
9664,31.5
9665,41
9666,21
9667,52
9668,21
9669,31.5
9670,21
9671,42
9672,63
9673,42
9674,21
9675,51
9676,31.5
9677,9.5
9678,21
9679,42
9680,42
9681,32.5
9682,20.5
9683,109.5
9684,42
9685,37.5
9686,20.5
9687,21
9688,62
9689,21
9690,21
9691,31.5
9692,21
9693,31.5
9694,10.5
9695,62.5
9696,10.5
9697,93.5
9698,21
9699,52.5
9700,31
9701,42
9702,21
9703,23
9704,52
9705,42
9706,43
9707,41.5
9708,10
9709,31.5
9710,20.5
9711,62.5
9712,70
9713,63
9714,42
9715,70.5
9716,41.5
9717,80
9718,17
9719,89
9720,27.5
9721,31.5
9722,72.5
9723,31.5
9724,52
9725,30.5
9726,31.5
9727,79.5
9728,21
9729,10.5
9730,31
9731,10
9732,42
9733,62
9734,41
9735,27.5
9736,42
9737,51.5
9738,40.5
9739,10.5
9740,73.5
9741,52.5
9742,52.5
9743,31.5
9744,31
9745,31.5
9746,10.5
9747,21
9748,62.5
9749,70
9750,51.5
9751,10.5
9752,73
9753,52.5
9754,31.5
9755,41.5
9756,10.5
9757,31.5
9758,52.5
9759,41
9760,69.5
9761,42
9762,42
9763,31
9764,52.5
9765,43.5
9766,69
9767,21
9768,10
9769,10.5
9770,10.5
9771,21
9772,29.5
9773,42
9774,70
9775,10.5
9776,31
9777,21
9778,21
9779,69
9780,10.5
9781,41.5
9782,52.5
9783,52.5
9784,62.5
9785,52.5
9786,31
9787,21
9788,41.5
9789,42
9790,62.5
9791,31.5
9792,21
9793,31.5
9794,42
9795,31.5
9796,42
9797,73.5
9798,31.5
9799,21
9800,44
9801,31.5
9802,31.5
9803,31.5
9804,20.5
9805,21
9806,10.5
9807,42
9808,31.5
9809,31.5
9810,21
9811,31
9812,21
9813,51.5
9814,34
9815,73
9816,42
9817,63
9818,42
9819,21.5
9820,21
9821,21
9822,73
9823,21
9824,31.5
9825,63
9826,31.5
9827,21
9828,62
9829,63
9830,51.5
9831,11.5
9832,31.5
9833,31.5
9834,72.5
9835,42
9836,20
9837,50.5
9838,52
9839,31.5
9840,41.5
9841,51.5
9842,21
9843,10.5
9844,21
9845,21
9846,73
9847,10.5
9848,51.5
9849,10.5
9850,10.5
9851,52.5
9852,10.5
9853,21
9854,21
9855,31.5
9856,62
9857,83.5
9858,10.5
9859,31
9860,52.5
9861,20.5
9862,52.5
9863,42
9864,52
9865,32
9866,63
9867,50.5
9868,39
9869,31.5
9870,62.5
9871,32
9872,21
9873,62
9874,51.5
9875,62
9876,10.5
9877,62.5
9878,41.5
9879,42
9880,62.5
9881,84
9882,41.5
9883,60.5
9884,72.5
9885,42
9886,10.5
9887,31.5
9888,25
9889,10.5
9890,31.5
9891,62.5
9892,10.5
9893,52.5
9894,52.5
9895,62.5
9896,51.5
9897,10.5
9898,21
9899,63
9900,33
9901,42
9902,62.5
9903,42
9904,21
9905,27.5
9906,31.5
9907,31
9908,42
9909,10.5
9910,10.5
9911,52.5
9912,42
9913,52
9914,2
9915,42
9916,63
9917,10.5
9918,40.5
9919,31.5
9920,21
9921,51.5
9922,52
9923,42
9924,52.5
9925,42
9926,31.5
9927,51.5
9928,41.5
9929,41.5
9930,52.5
9931,62.5
9932,31.5
9933,42
9934,62.5
9935,31
9936,83
9937,21
9938,62.5
9939,10.5
9940,42
9941,21
9942,21
9943,23.5
9944,21
9945,62.5
9946,41.5
9947,52.5
9948,41.5
9949,31.5
9950,73.5
9951,52.5
9952,42
9953,51.5
9954,63
9955,21
9956,0
9957,47
9958,73.5
9959,41.5
9960,42
9961,42
9962,31
9963,21.5
9964,21
9965,31.5
9966,21
9967,42
9968,63
9969,42
9970,20.5
9971,31
9972,31.5
9973,30
9974,21
9975,21
9976,52.5
9977,42
9978,52
9979,52.5
9980,31.5
9981,31.5
9982,52.5
9983,52.5
9984,31.5
9985,31.5
9986,31.5
9987,21
9988,42
9989,31.5
9990,31.5
9991,52.5
9992,42
9993,52.5
9994,42
9995,42
9996,52.5
9997,52.5
9998,10.5
9999,42
